Date,Open,High,Low,Close,Volume,Adj Close
1/2/2018,58.59999847,59.5,58.52550125,59.45050049,53890000,59.45050049
1/3/2018,59.41500092,60.2745018,59.41500092,60.20999908,62176000,60.20999908
1/4/2018,60.25,60.79349899,60.23300171,60.47949982,60442000,60.47949982
1/5/2018,60.87549973,61.45700073,60.5,61.45700073,70894000,61.45700073
1/8/2018,61.79999924,62.65399933,61.60150146,62.34349823,85590000,62.34349823
1/9/2018,62.84500122,62.96649933,62.08800125,62.63499832,73226000,62.63499832
1/10/2018,62.25749969,62.71649933,61.86149979,62.71649933,53720000,62.71649933
1/11/2018,62.98699951,63.83850098,62.82300186,63.83399963,62500000,63.83399963
1/12/2018,63.66949844,65.28800201,63.66949844,65.26000214,108874000,65.26000214
1/16/2018,66.15000153,66.99700165,64.61499786,65.24299622,144414000,65.24299622
1/17/2018,65.61199951,65.69999695,64.04399872,64.75,105076000,64.75
1/18/2018,64.69750214,65.23000336,64.2009964,64.66600037,80538000,64.66600037
1/19/2018,65.59999847,65.65000153,64.64949799,64.72899628,91570000,64.72899628
1/22/2018,64.85849762,66.37249756,64.83300018,66.3655014,82802000,66.3655014
1/23/2018,66.90450287,68.24500275,66.86699677,68.1269989,103386000,68.1269989
1/24/2018,68.74099731,69.40799713,66.90000153,67.87550354,136150000,67.87550354
1/25/2018,68.40000153,68.91699982,67.8809967,68.89749908,95060000,68.89749908
1/26/2018,69.60050201,70.12650299,69.04550171,70.10250092,97146000,70.10250092
1/29/2018,70.45899963,71.56950378,70.02200317,70.88400269,114038000,70.88400269
1/30/2018,70.15850067,71.96250153,69.59999847,71.89099884,117438000,71.89099884
1/31/2018,72.56500244,73.6289978,72.5019989,72.54450226,128494000,72.54450226
2/1/2018,72.25,72.9940033,69.25700378,69.5,182276000,69.5
2/2/2018,73.86949921,74.90000153,70.69999695,71.49749756,222514000,71.49749756
2/5/2018,70.1309967,72.9489975,66.03600311,69.5,229900000,69.5
2/6/2018,68.07299805,72.19950104,67.58950043,72.14199829,221336000,72.14199829
2/7/2018,72.44999695,73.04949951,70.75749969,70.83899689,143254000,70.83899689
2/8/2018,71.48400116,71.6875,67.49700165,67.52500153,171572000,67.52500153
2/9/2018,68.67449951,69.17500305,63.29650116,66.98000336,282830000,66.98000336
2/12/2018,68.23349762,69.69049835,67.20050049,69.31150055,134778000,69.31150055
2/13/2018,69.29650116,70.98600006,69.17649841,70.72550201,118358000,70.72550201
2/14/2018,70.3125,72.60299683,70.16799927,72.55249786,119184000,72.55249786
2/15/2018,73.34449768,73.4469986,71.84200287,73.08799744,113054000,73.08799744
2/16/2018,72.86849976,73.29000092,72.32800293,72.43450165,89452000,72.43450165
2/20/2018,72.32450104,74.43849945,72.32450104,73.41750336,129984000,73.41750336
2/21/2018,74.25,75.17449951,73.94599915,74.14600372,126088000,74.14600372
2/22/2018,74.76799774,75.1269989,73.78800201,74.26699829,97162000,74.26699829
2/23/2018,74.76699829,75,74.32499695,75,88362000,75
2/26/2018,75.45999908,76.14199829,75.34999847,76.09750366,99100000,76.09750366
2/27/2018,76.22499847,76.33899689,75.36049652,75.59899902,96176000,75.59899902
2/28/2018,75.97550201,76.43499756,75.59999847,75.62249756,90300000,75.62249756
3/1/2018,75.68000031,75.92449951,73.25,74.67250061,136704000,74.67250061
3/2/2018,73.45500183,75.05249786,72.75050354,75.01249695,131752000,75.01249695
3/5/2018,74.71199799,76.26899719,74.05000305,76.18049622,104678000,76.18049622
3/6/2018,76.66000366,77.10649872,76.40000153,76.88200378,91234000,76.88200378
3/7/2018,76.3259964,77.29499817,76.12550354,77.25,83482000,77.25
3/8/2018,77.5,77.7440033,77.26249695,77.59300232,77252000,77.59300232
3/9/2018,78.17500305,78.9469986,77.95400238,78.94450378,90686000,78.94450378
3/12/2018,79.62999725,80.26650238,79.33499908,79.91950226,103484000,79.91950226
3/13/2018,80.79799652,80.8769989,78.90049744,79.40899658,130638000,79.40899658
3/14/2018,79.84999847,80.3219986,79.54450226,79.55000305,85188000,79.55000305
3/15/2018,79.75,79.84549713,78.90550232,79.11599731,81394000,79.11599731
3/16/2018,79.17250061,79.47200012,78.375,78.58399963,108500000,78.58399963
3/19/2018,77.72650146,78.08300018,76.26750183,77.24649811,131616000,77.24649811
3/20/2018,77.51699829,79.34999847,77.27050018,79.32550049,91632000,79.32550049
3/21/2018,79.32250214,79.5,78.15850067,79.09300232,95016000,79.09300232
3/22/2018,78.27349854,78.69249725,77.12000275,77.2460022,126412000,77.2460022
3/23/2018,76.95050049,77.4509964,74.76799774,74.77799988,160120000,74.77799988
3/26/2018,76.5,77.84950256,74.96250153,77.79299927,112494000,77.79299927
3/27/2018,78.62000275,78.79850006,74.11599731,74.85250092,139992000,74.85250092
3/28/2018,72.34999847,72.79499817,69.3085022,71.57099915,274106000,71.57099915
3/29/2018,70.30000305,72.77349854,68.26000214,72.36699677,251622000,72.36699677
4/2/2018,70.8809967,71.06800079,67.75,68.59950256,209272000,68.59950256
4/3/2018,69.56900024,70.69999695,67.76650238,69.60250092,204624000,69.60250092
4/4/2018,67.91200256,70.76950073,67.64399719,70.52850342,139646000,70.52850342
4/5/2018,72.09950256,72.97799683,71.35350037,72.58750153,128270000,72.58750153
4/6/2018,71.49849701,72.625,70.01300049,70.2614975,117646000,70.2614975
4/9/2018,71.25150299,71.9240036,70.12850189,70.30400085,84164000,70.30400085
4/10/2018,71.59950256,71.91899872,70.78500366,71.81099701,85082000,71.81099701
4/11/2018,71.97200012,72.43900299,71.24449921,71.35250092,71650000,71.35250092
4/12/2018,71.97499847,72.60600281,71.75299835,72.42500305,62700000,72.42500305
4/13/2018,72.45700073,72.98899841,71.22599792,71.53949738,73706000,71.53949738
4/16/2018,72.25,72.34999847,71.37400055,72.07499695,56172000,72.07499695
4/17/2018,73.11499786,75.35949707,72.85099792,75.1914978,102288000,75.1914978
4/18/2018,75.73249817,76.69000244,75.20549774,76.39199829,104550000,76.39199829
4/19/2018,77.16100311,78.4260025,76.95300293,77.84549713,130474000,77.84549713
4/20/2018,78.05999756,78.05999756,75.80449677,76.37449646,110832000,76.37449646
4/23/2018,77.33450317,77.40000153,75.17050171,75.89299774,89308000,75.89299774
4/24/2018,76.79000092,76.97499847,72.42250061,73.00450134,149894000,73.00450134
4/25/2018,72.90000153,73.49949646,70.75099945,73.00849915,131746000,73.00849915
4/26/2018,74.25050354,76.47100067,73.92500305,75.89800262,176022000,75.89800262
4/27/2018,81.70050049,81.90499878,78.36949921,78.6309967,261064000,78.6309967
4/30/2018,79.125,79.80000305,78.04699707,78.3065033,109282000,78.3065033
5/1/2018,78.16100311,79.25,77.60900116,79.11299896,91442000,79.11299896
5/2/2018,79.0490036,79.42500305,78.31800079,78.48400116,87206000,78.48400116
5/3/2018,78.00050354,78.73999786,77.3010025,78.60399628,85038000,78.60399628
5/4/2018,78.12249756,79.24500275,78.10949707,79.04750061,68872000,79.04750061
5/7/2018,79.46700287,80.34750366,79.39150238,80.00700378,76038000,80.00700378
5/8/2018,79.75,79.84400177,79.12550354,79.61949921,61358000,79.61949921
5/9/2018,80,80.40000153,79.59999847,80.40000153,72746000,80.40000153
5/10/2018,80.4240036,80.77999878,80.17199707,80.45400238,56350000,80.45400238
5/11/2018,80.54949951,80.55500031,79.89450073,80.14550018,45278000,80.14550018
5/14/2018,80.19999695,80.55899811,80.00250244,80.07700348,50190000,80.07700348
5/15/2018,79.38999939,79.38999939,78.26100159,78.80599976,101550000,78.80599976
5/16/2018,78.875,79.72149658,78.83350372,79.36399841,51412000,79.36399841
5/17/2018,79.02799988,79.70200348,78.65000153,79.08799744,42952000,79.08799744
5/18/2018,79.0664978,79.17949677,78.60500336,78.71849823,52852000,78.71849823
5/21/2018,79.25,79.60250092,78.75,79.27300262,58504000,79.27300262
5/22/2018,79.49449921,79.49449921,78.76249695,79.06999969,42312000,79.06999969
5/23/2018,78.55249786,80.09300232,78.31700134,80.09300232,67238000,80.09300232
5/24/2018,79.90149689,80.41200256,79.41899872,80.15350342,68600000,80.15350342
5/25/2018,80.15000153,80.70600128,80.02249908,80.50749969,53968000,80.50749969
5/29/2018,80.03549957,81.08950043,80.00749969,80.64350128,76930000,80.64350128
5/30/2018,80.90499878,81.30000305,80.64649963,81.24449921,58148000,81.24449921
5/31/2018,81.15000153,81.75,81.06749725,81.48100281,63326000,81.48100281
6/1/2018,81.85150146,82.33650208,81.75450134,82.07700348,66268000,82.07700348
6/4/2018,82.44499969,83.28399658,82.27449799,83.2634964,63754000,83.2634964
6/5/2018,83.64949799,84.94999695,83.50299835,84.81749725,95644000,84.81749725
6/6/2018,85.22550201,85.72499847,84.32350159,84.78749847,109464000,84.78749847
6/7/2018,84.9280014,84.99500275,83.80549622,84.46499634,75314000,84.46499634
6/8/2018,84.05599976,84.47200012,83.65049744,84.19950104,59102000,84.19950104
6/11/2018,84.07550049,84.71199799,84.02950287,84.45600128,46710000,84.45600128
6/12/2018,84.65000153,84.97550201,84.5759964,84.9375,45184000,84.9375
6/13/2018,85.14050293,85.6875,85.0059967,85.24299622,66550000,85.24299622
6/14/2018,85.6740036,86.23999786,85.4434967,86.19300079,63488000,86.19300079
6/15/2018,85.69999695,86.04350281,85.4260025,85.79850006,95552000,85.79850006
6/18/2018,85.31300354,86.33699799,85.12799835,86.1894989,62154000,86.1894989
6/19/2018,85.45200348,86.80549622,85.01950073,86.73899841,85802000,86.73899841
6/20/2018,87.125,88.14649963,87.06800079,87.5039978,86652000,87.5039978
6/21/2018,88,88.15499878,85.87799835,86.51100159,98822000,86.51100159
6/22/2018,87.1309967,87.15000153,85.59500122,85.78350067,81502000,85.78350067
6/25/2018,85.12550354,85.25,82.31549835,83.15750122,150224000,83.15750122
6/26/2018,83.61849976,85.07849884,83.16699982,84.55449677,87732000,84.55449677
6/27/2018,85.40550232,85.59750366,83,83.02549744,97444000,83.02549744
6/28/2018,83.6269989,85.27500153,83.0585022,85.07250214,90594000,85.07250214
6/29/2018,85.84999847,86.17050171,84.71600342,84.98999786,90870000,84.98999786
7/2/2018,84.13500214,85.69450378,83.90299988,85.68900299,63714000,85.68900299
7/3/2018,86.19799805,86.25,84.62400055,84.69799805,43546000,84.69799805
7/5/2018,85.26899719,85.53450012,84.10749817,84.9865036,59662000,84.9865036
7/6/2018,84.80000305,85.7634964,84.58350372,85.53150177,53006000,85.53150177
7/9/2018,86.20249939,86.97799683,85.81150055,86.9509964,60240000,86.9509964
7/10/2018,86.92649841,87.5,86.55000305,87.15350342,60058000,87.15350342
7/11/2018,86.89949799,87.84799957,86.69999695,87.75,64196000,87.75
7/12/2018,88.22550201,89.90000153,88.10900116,89.83100128,90654000,89.83100128
7/13/2018,90.19650269,90.76499939,89.7614975,90.65149689,87664000,90.65149689
7/16/2018,91.09750366,92.09750366,90.72250366,91.12449646,109324000,91.12449646
7/17/2018,90.57800293,92.58450317,89.8690033,92.19650269,113658000,92.19650269
7/18/2018,92.40000153,92.94400024,91.56349945,92.14600372,97238000,92.14600372
7/19/2018,91.47299957,92.05000305,90.56349945,90.64849854,93538000,90.64849854
7/20/2018,91.25050354,91.74199677,90.50299835,90.68499756,77688000,90.68499756
7/23/2018,90.61049652,90.94999695,88.49949646,90.09999847,77770000,90.09999847
7/24/2018,91.45050049,92,90.46900177,91.46199799,85574000,91.46199799
7/25/2018,91.46499634,93.19200134,91.13200378,93.18049622,74764000,93.18049622
7/26/2018,91.94999695,92.23400116,90.22499847,90.40000153,198488000,90.40000153
7/27/2018,93.80249786,94.00250244,90.32649994,90.8635025,193620000,90.8635025
7/30/2018,91.36650085,91.47499847,88.3010025,88.96099854,131246000,88.96099854
7/31/2018,89.32450104,90.09149933,86.96600342,88.87200165,114774000,88.87200165
8/1/2018,89.19999695,89.92199707,88.8010025,89.85849762,83062000,89.85849762
8/2/2018,89.43849945,91.82800293,89.30000305,91.71649933,87094000,91.71649933
8/3/2018,91.88700104,92.05000305,91.07499695,91.16449738,69210000,91.16449738
8/6/2018,91.29049683,92.3884964,90.94599915,92.38749695,67836000,92.38749695
8/7/2018,92.72650146,93.48600006,92.31349945,93.12400055,67550000,93.12400055
8/8/2018,93.05000305,94.57550049,92.72499847,94.3259964,79260000,94.3259964
8/9/2018,94.09999847,95.72850037,93.87400055,94.9260025,97208000,94.9260025
8/10/2018,94.42549896,94.97499847,93.91049957,94.31500244,72798000,94.31500244
8/13/2018,94.92500305,96.25,94.6835022,94.80999756,110630000,94.80999756
8/14/2018,95.96949768,96.05049896,95,95.98249817,79722000,95.98249817
8/15/2018,95.47750092,95.8105011,93.48950195,94.1309967,154014000,94.1309967
8/16/2018,95.1969986,95.25,94.17749786,94.3259964,79142000,94.3259964
8/17/2018,94.29000092,94.40000153,92.77749634,94.11100006,82086000,94.11100006
8/20/2018,94.52850342,94.58750153,93.3030014,93.83550262,57240000,93.83550262
8/21/2018,94,94.88749695,93.72049713,94.17099762,62112000,94.17099762
8/22/2018,93.83200073,95.29000092,93.83200073,95.24500275,61610000,95.24500275
8/23/2018,95.35849762,95.97499847,95.03800201,95.14499664,71260000,95.14499664
8/24/2018,95.52549744,95.80049896,95.1269989,95.26950073,56018000,95.26950073
8/27/2018,95.75,96.38500214,95.46399689,96.38400269,71380000,96.38400269
8/28/2018,96.8864975,97.08899689,96.44100189,96.64099884,62014000,96.64099884
8/29/2018,97.67250061,99.93450165,97.4469986,99.90499878,130636000,99.90499878
8/30/2018,99.8710022,101.2785034,99.34500122,100.1190033,145546000,100.1190033
8/31/2018,100.3499985,101.1190033,100.2369995,100.635498,84088000,100.635498
9/4/2018,101.3249969,102.5250015,100.6500015,101.975502,114422000,101.975502
9/5/2018,101.9055023,102.0189972,99.49449921,99.74099731,164412000,99.74099731
9/6/2018,100.3255005,100.375,96.76049805,97.91549683,149774000,97.91549683
9/7/2018,96.9355011,98.76000214,96.86750031,97.60350037,97852000,97.60350037
9/10/2018,98.55000305,98.65200043,96.5759964,96.95050049,90896000,96.95050049
9/11/2018,96.41349792,99.44400024,95.84999847,99.35749817,100672000,99.35749817
9/12/2018,99.69999695,100,98.12200165,99.5,88280000,99.5
9/13/2018,100,100.4380035,99.10150146,99.49349976,72430000,99.49349976
9/14/2018,99.64649963,99.68250275,97.96099854,98.5094986,72840000,98.5094986
9/17/2018,97.7365036,97.84100342,94.37049866,95.40149689,141004000,95.40149689
9/18/2018,95.93250275,97.91000366,95.77200317,97.05249786,85374000,97.05249786
9/19/2018,97.02500153,97.04149628,95.24500275,96.32099915,81136000,96.32099915
9/20/2018,96.92900085,97.75,96.61250305,97.21499634,63098000,97.21499634
9/21/2018,97.71099854,97.8655014,95.52500153,95.75050354,137118000,95.75050354
9/24/2018,95.1894989,96.84400177,93.25,96.71800232,84274000,96.71800232
9/25/2018,97.14499664,98.79550171,96.94249725,98.72750092,90768000,98.72750092
9/26/2018,98.42500305,99.76249695,98.0759964,98.74250031,86270000,98.74250031
9/27/2018,99.66200256,100.8079987,99.42900085,100.6490021,86588000,100.6490021
9/28/2018,100.2204971,101.3259964,99.82299805,100.1500015,81702000,100.1500015
10/1/2018,101.0995026,101.6595001,100.1800003,100.2180023,69210000,100.2180023
10/2/2018,99.99949646,100.6695023,98.28849792,98.56549835,108014000,98.56549835
10/3/2018,99.08499908,99.48500061,97.4905014,97.63800049,105062000,97.63800049
10/4/2018,97.44999695,97.80000305,94.82849884,95.47100067,145140000,95.47100067
10/5/2018,95.89949799,96.45400238,93.14150238,94.48249817,136446000,94.48249817
10/8/2018,93.69999695,95.09999847,91.53299713,93.22100067,147864000,93.22100067
10/9/2018,92.99949646,94.83399963,92.61599731,93.51599884,95458000,93.51599884
10/10/2018,92.89450073,92.9280014,87.72049713,87.76249695,219778000,87.76249695
10/11/2018,86.19999695,87.76999664,84.25499725,85.96800232,278718000,85.96800232
10/12/2018,90.40000153,90.44750214,87.12650299,89.43049622,188892000,89.43049622
10/15/2018,89.75,89.75250244,86.71150208,88.04750061,128744000,88.04750061
10/16/2018,89.17500305,91.19400024,88.07749939,90.9980011,117198000,90.9980011
10/17/2018,92.13950348,92.25,90.34999847,91.58650208,105904000,91.58650208
10/18/2018,91.07450104,91.50749969,88.39350128,88.53600311,117480000,88.53600311
10/19/2018,89.25800323,90.45500183,87.65000153,88.20149994,118144000,88.20149994
10/22/2018,89.19999695,90.47499847,87.80000305,89.46499634,90000000,89.46499634
10/23/2018,87.11199951,88.81700134,85.69999695,88.43499756,134478000,88.43499756
10/24/2018,88.68499756,88.88549805,82.82800293,83.20999908,138568000,83.20999908
10/25/2018,85.16699982,89.7405014,84.60050201,89.10849762,205714000,89.10849762
10/26/2018,82.47949982,84.92299652,80.15000153,82.14050293,299276000,82.14050293
10/29/2018,83,83.28700256,74.75,76.94400024,277322000,76.94400024
10/30/2018,74.30799866,77.04949951,73.81800079,76.52100372,249202000,76.52100372
10/31/2018,78.49949646,81.19550323,78.25450134,79.90049744,187804000,79.90049744
11/1/2018,81.17649841,83.52249908,79.92199707,83.27649689,162710000,83.27649689
11/2/2018,83.92949677,84.87200165,82.59149933,83.27649689,139110000,83.27649689
11/5/2018,82.87850189,82.90450287,79.81800079,81.38999939,112494000,81.38999939
11/6/2018,80.91750336,83.25,80.72750092,82.14050293,85148000,82.14050293
11/7/2018,83.65000153,87.96150208,83.20400238,87.77449799,163844000,87.77449799
11/8/2018,87.75,89.19999695,86.25550079,87.74549866,130698000,87.74549866
11/9/2018,86.625,87.19599915,85.09349823,85.62149811,118044000,85.62149811
11/12/2018,84.91200256,85.42749786,81.50050354,81.84249878,136124000,81.84249878
11/13/2018,82.46450043,83.85299683,80.6875,81.5585022,118666000,81.5585022
11/14/2018,82.81600189,83.65000153,79.85350037,79.95050049,129738000,79.95050049
11/15/2018,79.05049896,81.24099731,77.32550049,80.97200012,168546000,80.97200012
11/16/2018,79.375,80.72399902,78.65599823,79.67050171,121322000,79.67050171
11/19/2018,78.85050201,79.05950165,75.16799927,75.61450195,155800000,75.61450195
11/20/2018,71.875,76.73750305,71,74.77300262,217576000,74.77300262
11/21/2018,77.14949799,77.5,75.75,75.83650208,114336000,75.83650208
11/23/2018,75.84999847,76.80999756,75.09049988,75.10299683,54152000,75.10299683
11/26/2018,76.94999695,79.2405014,76.21099854,79.0664978,125154000,79.0664978
11/27/2018,78.79949951,79.88249969,77.90049744,79.07099915,115664000,79.07099915
11/28/2018,80.69599915,84.07250214,80.06099701,83.88749695,169174000,83.88749695
11/29/2018,83.74949646,84.49949646,82.61650085,83.67849731,132264000,83.67849731
11/30/2018,83.97499847,84.80000305,83.32499695,84.50849915,115236000,84.50849915
12/3/2018,88.47299957,88.91699982,86.5,88.61799622,137246000,88.61799622
12/4/2018,87.80000305,88.51699829,83.25,83.41999817,173890000,83.41999817
12/6/2018,80.74349976,85.05249786,80.49250031,84.95950317,175788000,84.95950317
12/7/2018,85.25350189,85.94650269,81.27300262,81.45649719,151522000,81.45649719
12/10/2018,81.19200134,82.89949799,79.54350281,82.05149841,149896000,82.05149841
12/11/2018,83.90000153,83.97350311,80.98000336,82.16200256,124894000,82.16200256
12/12/2018,83.44999695,85.24949646,83.0134964,83.17700195,131960000,83.17700195
12/13/2018,84,84.60600281,82.07499695,82.91899872,105426000,82.91899872
12/14/2018,81.90000153,82.12850189,79.25,79.59549713,127344000,79.59549713
12/17/2018,78.30000305,78.8065033,75.25050354,76.04550171,176596000,76.04550171
12/18/2018,77,78.37750244,76.15049744,77.5739975,130460000,77.5739975
12/19/2018,77.15249634,79.22650146,74.15899658,74.7539978,175844000,74.7539978
12/20/2018,74.19999695,75.47499847,71.6344986,73.04149628,199836000,73.04149628
12/21/2018,73.24949646,74,68.19799805,68.87249756,272806000,68.87249756
12/24/2018,67.30000305,69.80149841,65.34999847,67.19799805,144400000,67.19799805
12/26/2018,68.44450378,73.65799713,68.15049744,73.54499817,208236000,73.54499817
12/27/2018,72.70999908,73.44999695,69.51550293,73.08200073,194440000,73.08200073
12/28/2018,73.66750336,75.67350006,72.44999695,73.90100098,176580000,73.90100098
12/31/2018,75.54000092,76.03800201,74.34999847,75.09850311,139090000,75.09850311
1/2/2019,73.26000214,77.66799927,73.04650116,76.95649719,159662000,76.95649719
1/3/2019,76.00050354,76.90000153,74.85549927,75.01399994,139512000,75.01399994
1/4/2019,76.5,79.69999695,75.91549683,78.76950073,183652000,78.76950073
1/7/2019,80.1155014,81.72799683,79.45950317,81.47550201,159864000,81.47550201
1/8/2019,83.23449707,83.83049774,80.83049774,82.82900238,177628000,82.82900238
1/9/2019,82.64900208,83.38999939,82.06999969,82.97100067,126976000,82.97100067
1/10/2019,82.05049896,83.16249847,81.08100128,82.81099701,130154000,82.81099701
1/11/2019,82.02749634,83.01450348,81.81099701,82.02799988,93724000,82.02799988
1/14/2019,80.75,82.41000366,79.75749969,80.86049652,120118000,80.86049652
1/15/2019,81.59999847,83.75800323,81.30049896,83.72799683,119970000,83.72799683
1/16/2019,84.21099854,85.25,83.79399872,84.18900299,127338000,84.18900299
1/17/2019,84,85.00849915,83.875,84.66100311,84178000,84.66100311
1/18/2019,85.59999847,85.80999756,84.57700348,84.80999756,120410000,84.80999756
1/22/2019,84.05000305,84.09349823,80.51000214,81.60849762,128336000,81.60849762
1/23/2019,82.80000305,82.87149811,80.59999847,82.00099945,104504000,82.00099945
1/24/2019,82.05349731,82.86299896,81.58899689,82.74649811,81798000,82.74649811
1/25/2019,83.52500153,84.1740036,83.08049774,83.52850342,98918000,83.52850342
1/28/2019,82.17949677,82.25,80.70449829,81.89450073,96754000,81.89450073
1/29/2019,81.56349945,81.6190033,79.53600311,79.69400024,92656000,79.69400024
1/30/2019,81.15000153,83.84750366,80.98400116,83.52149963,115676000,83.52149963
1/31/2019,84.64250183,86.82050323,83.95400238,85.93650055,218206000,85.93650055
2/1/2019,81.94400024,83.65299988,81.10050201,81.31150055,230124000,81.31150055
2/4/2019,81.15000153,82.48149872,80.67500305,81.66549683,98582000,81.66549683
2/5/2019,82.16699982,83.26300049,82.125,82.94049835,89062000,82.94049835
2/6/2019,83.53749847,83.61299896,81.66699982,82.01300049,78798000,82.01300049
2/7/2019,81.25,81.27700043,79.64550018,80.71849823,92532000,80.71849823
2/8/2019,79.30000305,79.42949677,78.33799744,79.41100311,113150000,79.41100311
2/11/2019,80.0490036,80.46450043,79.30000305,79.55000305,66346000,79.55000305
2/12/2019,80.19999695,81.97000122,79.94400024,81.90049744,97172000,81.90049744
2/13/2019,82.34999847,82.81900024,81.85549927,82,71206000,82
2/14/2019,81.22499847,81.89499664,80.3030014,81.13249969,82410000,81.13249969
2/15/2019,81.39299774,81.44550323,80.22499847,80.39749908,86878000,80.39749908
2/19/2019,80.05000305,81.69999695,80.02799988,81.3789978,73634000,81.3789978
2/20/2019,81.5,81.74649811,80.5059967,81.10500336,66752000,81.10500336
2/21/2019,80.99250031,81.1780014,80.04550171,80.97200012,69668000,80.97200012
2/22/2019,81.17500305,81.74700165,81.0585022,81.57800293,61924000,81.57800293
2/25/2019,82.07250214,82.73000336,81.51950073,81.65000153,63690000,81.65000153
2/26/2019,81.2990036,81.99949646,80.8065033,81.81999969,53316000,81.81999969
2/27/2019,81.40899658,82.09049988,80.75499725,82.05449677,62976000,82.05449677
2/28/2019,81.76249695,82.58850098,81.6914978,81.99150085,60518000,81.99150085
3/1/2019,82.75650024,83.71299744,82.55000305,83.58650208,99498000,83.58650208
3/4/2019,84.25,85.47149658,83.71800232,84.8085022,123348000,84.8085022
3/5/2019,85.14749908,85.38999939,84.45050049,84.62149811,73630000,84.62149811
3/6/2019,84.79850006,84.88749695,83.41400146,83.44750214,79920000,83.44750214
3/7/2019,83.36849976,83.48750305,81.02549744,81.29750061,99140000,81.29750061
3/8/2019,80.20050049,81.13600159,79.32849884,81.04000092,93340000,81.04000092
3/11/2019,81.30599976,83.61450195,81.30049896,83.53099823,77528000,83.53099823
3/12/2019,83.44999695,84.21350098,83.0490036,83.65499878,72290000,83.65499878
3/13/2019,84.15000153,85,83.96749878,84.54049683,71040000,84.54049683
3/14/2019,84.55999756,85.09999847,84.21700287,84.31099701,58932000,84.31099701
3/15/2019,85.15000153,85.94000244,84.65650177,85.61799622,151018000,85.61799622
3/18/2019,85.63500214,87.5,85.63150024,87.10749817,108582000,87.10749817
3/19/2019,87.67549896,89.20800018,87.67549896,88.09249878,127284000,88.09249878
3/20/2019,88.49700165,89.97499847,88.35150146,89.8635025,125312000,89.8635025
3/21/2019,89.81300354,91.1875,89.36399841,90.96299744,115356000,90.96299744
3/22/2019,90.50849915,90.9489975,88.15550232,88.2385025,127260000,88.2385025
3/25/2019,87.88950348,89.13400269,87.375,88.71299744,102076000,88.71299744
3/26/2019,89.65000153,90.28849792,88.66799927,89.18800354,97318000,89.18800354
3/27/2019,89.20649719,89.375,87.28399658,88.28500366,86496000,88.28500366
3/28/2019,88.5,88.89649963,87.67350006,88.67099762,60860000,88.67099762
3/29/2019,89.32900238,89.64299774,88.83149719,89.03749847,66416000,89.03749847
4/1/2019,90.00550079,90.78350067,89.93650055,90.70950317,84776000,90.70950317
4/2/2019,90.5510025,91,90.2559967,90.6989975,68962000,90.6989975
4/3/2019,91.33599854,91.5,90.48100281,91.03500366,78522000,91.03500366
4/4/2019,91.03250122,91.4375,90.20999908,90.94300079,72478000,90.94300079
4/5/2019,91.44999695,91.92900085,91.2594986,91.86399841,72810000,91.86399841
4/8/2019,91.66149902,92.51000214,91.25550079,92.49299622,75056000,92.49299622
4/9/2019,92.27449799,92.65450287,91.58899689,91.79199982,74288000,91.79199982
4/10/2019,92.05000305,92.40000153,91.44049835,92.36650085,59280000,92.36650085
4/11/2019,92.43499756,92.49749756,92.01550293,92.20349884,53096000,92.20349884
4/12/2019,92.41999817,92.57499695,92.06500244,92.15299988,62288000,92.15299988
4/15/2019,92.09999847,92.34249878,90.94499969,92.24349976,74488000,92.24349976
4/16/2019,92.56749725,93.4885025,92.40000153,93.15200043,60892000,93.15200043
4/17/2019,93.64949799,93.82350159,93.02200317,93.24099731,57870000,93.24099731
4/18/2019,93.4394989,93.54100037,92.97399902,93.08450317,54998000,93.08450317
4/22/2019,92.76999664,94.42099762,92.28199768,94.3655014,67476000,94.3655014
4/23/2019,94.55999756,96.46299744,94.47899628,96.18849945,92808000,96.18849945
4/24/2019,96.25,96.48449707,94.90799713,95.08750153,73516000,95.08750153
4/25/2019,95.84999847,96.12249756,95.01550293,95.11250305,121982000,95.11250305
4/26/2019,96.44999695,97.55000305,94.90000153,97.53150177,168652000,97.53150177
4/29/2019,97.44999695,97.81700134,96.70449829,96.92150116,80426000,96.92150116
4/30/2019,96.50499725,96.78549957,95.34750366,96.3259964,70120000,96.3259964
5/1/2019,96.65450287,97.18199921,95.52749634,95.5759964,62340000,95.5759964
5/2/2019,95.66649628,96.07749939,94.09349823,95.04100037,79258000,95.04100037
5/3/2019,97.44999695,98.22000122,96.80000305,98.1230011,127632000,98.1230011
5/6/2019,95.89900208,97.94999695,95.52500153,97.52749634,108356000,97.52749634
5/7/2019,96.99949646,97.45500183,95.16899872,96.05000305,118042000,96.05000305
5/8/2019,95.9434967,96.76850128,95.5,95.8884964,81572000,95.8884964
5/9/2019,95,95.47000122,93.80000305,94.99349976,106166000,94.99349976
5/10/2019,94.90000153,95.1894989,92.80000305,94.49900055,114360000,94.49900055
5/13/2019,91.82800293,92.32700348,90.90000153,91.13400269,115668000,91.13400269
5/14/2019,91.97499847,92.62200165,90.78749847,92.0059967,92582000,92.0059967
5/15/2019,91.39749908,93.72149658,91.15000153,93.55750275,93852000,93.55750275
5/16/2019,94.29699707,95.87550354,94.11450195,95.37850189,94156000,95.37850189
5/17/2019,94.65249634,95.52649689,93.36650085,93.44999695,94732000,93.44999695
5/20/2019,92.6344986,93.38899994,91.77700043,92.94850159,75964000,92.94850159
5/21/2019,93.73950195,93.94999695,92.30000305,92.87599945,80102000,92.87599945
5/22/2019,92.58899689,93.57450104,92.55000305,92.98400116,58732000,92.98400116
5/23/2019,91.82949829,92.19999695,90.20999908,90.77400208,88486000,90.77400208
5/24/2019,91.79450226,92.08799744,90.89250183,91.16400146,67394000,91.16400146
5/28/2019,91.63749695,92.46350098,91.36750031,91.82150269,64000000,91.82150269
5/29/2019,91.15599823,91.5,90.37650299,90.95950317,85580000,90.95950317
5/30/2019,91.27449799,91.47350311,90.39150238,90.81600189,62938000,90.81600189
5/31/2019,89.50050354,89.77950287,88.63500214,88.75350189,92376000,88.75350189
6/3/2019,88.00050354,88.3144989,83.59999847,84.6344986,181974000,84.6344986
6/4/2019,84.96199799,86.54100037,84.04450226,86.47799683,113582000,86.47799683
6/5/2019,87.48000336,87.59999847,85.76249695,86.92500305,84796000,86.92500305
6/6/2019,86.88549805,88,86.3065033,87.71800232,73786000,87.71800232
6/7/2019,88.18499756,90.3125,87.97450256,90.20149994,96164000,90.20149994
6/10/2019,91.09999847,94.24349976,90.90000153,93.03150177,107420000,93.03150177
6/11/2019,94.16249847,94.68499756,92.90000153,93.18499756,80854000,93.18499756
6/12/2019,92.6989975,93.25,92.21900177,92.76599884,53566000,92.76599884
6/13/2019,93.33599854,94.15450287,93.11100006,93.51499939,55916000,93.51499939
6/14/2019,93.19999695,93.80000305,92.94999695,93.48349762,57024000,93.48349762
6/17/2019,93.82499695,94.78450012,93.77249908,94.30149841,52686000,94.30149841
6/18/2019,95.06749725,96.08350372,94.98950195,95.0684967,77914000,95.0684967
6/19/2019,95.39199829,95.97899628,94.62349701,95.4394989,57906000,95.4394989
6/20/2019,96.66649628,96.76000214,95.29000092,95.90950012,64344000,95.90950012
6/21/2019,95.80500031,96.29750061,95.3789978,95.56500244,78672000,95.56500244
6/24/2019,95.63300323,95.84300232,95.06500244,95.69499969,45660000,95.69499969
6/25/2019,95.59200287,95.81950378,93.6210022,93.91349792,60246000,93.91349792
6/26/2019,94.62400055,95.19000244,94.36599731,94.89150238,48838000,94.89150238
6/27/2019,95.09999847,95.56199646,94.90200043,95.21399689,42834000,95.21399689
6/28/2019,95.45500183,95.64700317,94.19999695,94.6815033,60748000,94.6815033
7/1/2019,96.14900208,96.49099731,95.73300171,96.10949707,63842000,96.10949707
7/2/2019,95.96900177,96.73950195,95.33149719,96.71549988,52918000,96.71549988
7/3/2019,96.79450226,97.07949829,96.52500153,96.94999695,33806000,96.94999695
7/5/2019,96.43000031,97.29499817,96.26499939,97.14550018,52568000,97.14550018
7/8/2019,96.70600128,97.80000305,96.41249847,97.61599731,57668000,97.61599731
7/9/2019,97.38999939,99.50050354,97.1740036,99.41500092,86914000,99.41500092
7/10/2019,99.82550049,101.2470016,99.76999664,100.8704987,98638000,100.8704987
7/11/2019,101.2809982,101.7900009,99.76499939,100.0534973,86356000,100.0534973
7/12/2019,100.4134979,100.8499985,100.1934967,100.5500031,50186000,100.5500031
7/15/2019,101.0699997,101.1449966,100.0774994,101.0494995,59626000,101.0494995
7/16/2019,100.5289993,101.3160019,100.060997,100.4950027,52364000,100.4950027
7/17/2019,100.3525009,100.5999985,99.60150146,99.60150146,51176000,99.60150146
7/18/2019,99.00050354,99.375,97.57749939,98.89499664,69738000,98.89499664
7/19/2019,99.5605011,99.80000305,98.1115036,98.22599792,63712000,98.22599792
7/22/2019,98.55699921,99.44999695,97.91300201,99.28150177,58000000,99.28150177
7/23/2019,99.79949951,99.88950348,98.65650177,99.72450256,54070000,99.72450256
7/24/2019,98.46499634,100.0650024,98.29350281,100.0404968,52626000,100.0404968
7/25/2019,100.0500031,100.0599976,98.63600159,98.69100189,82730000,98.69100189
7/26/2019,97.09999847,97.54499817,96.22550201,97.15249634,98542000,97.15249634
7/29/2019,96.5,96.6115036,94.52700043,95.62249756,89864000,95.62249756
7/30/2019,94.55599976,95.49449921,94.1740036,94.92649841,58218000,94.92649841
7/31/2019,94.90550232,94.97750092,92.47200012,93.33899689,89414000,93.33899689
8/1/2019,93.58599854,94.89600372,92.20050049,92.76599884,94266000,92.76599884
8/2/2019,92.25350189,92.31800079,90.40100098,91.16200256,99124000,91.16200256
8/5/2019,88.51100159,89.4335022,87.43900299,88.25650024,121164000,88.25650024
8/6/2019,89.6115036,89.68849945,87.66999817,89.39150238,101406000,89.39150238
8/7/2019,88.69950104,89.94650269,87.84999847,89.66999817,90538000,89.66999817
8/8/2019,90.30000305,91.71299744,89.90550232,91.64450073,74024000,91.64450073
8/9/2019,91.44750214,91.55449677,90.11100006,90.3789978,57596000,90.3789978
8/12/2019,89.79949951,90.0490036,88.84999847,89.2460022,58110000,89.2460022
8/13/2019,89.15000153,91.58699799,89,91.21700287,79880000,91.21700287
8/14/2019,89.65049744,89.78250122,87.86100006,88.14800262,97872000,88.14800262
8/15/2019,89.09950256,89.40000153,88.09799957,88.80599976,75182000,88.80599976
8/16/2019,89.64450073,90.14550018,89.22750092,89.62850189,60360000,89.62850189
8/19/2019,90.90399933,91.30000305,90.63050079,90.80599976,56326000,90.80599976
8/20/2019,90.72499847,90.84100342,89.9940033,90.06900024,38590000,90.06900024
8/21/2019,90.96949768,91.47899628,90.75,91.17700195,40636000,91.17700195
8/22/2019,91.40000153,91.47049713,90.00499725,90.23300171,53070000,90.23300171
8/23/2019,89.65149689,90.24500275,87.2614975,87.48100281,105416000,87.48100281
8/26/2019,88.34549713,88.5,87.17549896,88.4434967,61600000,88.4434967
8/27/2019,88.78649902,88.97000122,87.33399963,88.09149933,60394000,88.09149933
8/28/2019,87.75,88.39299774,87.20249939,88.21250153,48394000,88.21250153
8/29/2019,89.15000153,89.92749786,88.86250305,89.31999969,60302000,89.31999969
8/30/2019,89.87449646,89.98699951,88.22850037,88.8144989,61174000,88.8144989
9/3/2019,88.5,90.04000092,88.40000153,89.49199677,70860000,89.49199677
9/4/2019,90.25,90.38150024,89.81150055,90.03099823,46482000,90.03099823
9/5/2019,91.09750366,92.09999847,90.77899933,92.03600311,66216000,92.03600311
9/6/2019,91.91100311,92.03250122,91.31999969,91.67549896,49938000,91.67549896
9/9/2019,92.05000305,92.5,91.23049927,91.56749725,59990000,91.56749725
9/10/2019,91.13749695,91.29049683,90.26699829,91.02749634,52278000,91.02749634
9/11/2019,90.60700226,91.67099762,90.45400238,91.14949799,48656000,91.14949799
9/12/2019,91.88150024,92.68299866,91.71399689,92.17749786,56470000,92.17749786
9/13/2019,92.10050201,92.30599976,91.75849915,91.96700287,39426000,91.96700287
9/16/2019,91.2009964,91.28450012,90.01000214,90.39199829,73510000,90.39199829
9/17/2019,90.35399628,91.19950104,90.20500183,91.12750244,39648000,91.12750244
9/18/2019,90.85199738,91.10299683,89.77500153,90.8730011,50112000,90.8730011
9/19/2019,91.0510025,91.62850189,90.89499664,91.07499695,40630000,91.07499695
9/20/2019,91.08550262,91.53150177,89.04599762,89.70800018,106838000,89.70800018
9/23/2019,88.84999847,89.63500214,88.36599731,89.26499939,58446000,89.26499939
9/24/2019,89.53050232,89.78549957,86.77749634,87.08049774,92320000,87.08049774
9/25/2019,87.36799622,88.65000153,86.15000153,88.41649628,69864000,88.41649628
9/26/2019,88.13950348,88.16850281,86.57499695,86.99199677,70736000,86.99199677
9/27/2019,87.40000153,87.45600128,85.69100189,86.27249908,78144000,86.27249908
9/30/2019,86.34950256,86.8730011,85.46099854,86.79550171,52894000,86.79550171
10/1/2019,87.30000305,87.77999878,86.42050171,86.78250122,61690000,86.78250122
10/2/2019,86.38700104,86.44450378,85.25,85.66149902,66022000,85.66149902
10/3/2019,85.65000153,86.25,84.25299835,86.22100067,69364000,86.22100067
10/4/2019,86.3010025,87.02899933,85.96150208,86.98249817,49438000,86.98249817
10/7/2019,86.58149719,87.39150238,86.18499756,86.63300323,43094000,86.63300323
10/8/2019,86.12449646,86.34999847,85.25,85.27549744,50840000,85.27549744
10/9/2019,85.98049927,86.49749756,85.71800232,86.09950256,40870000,86.09950256
10/10/2019,86.26200104,86.91449738,85.6875,86.01300049,51504000,86.01300049
10/11/2019,87.14600372,87.27249908,86.49299622,86.59600067,65100000,86.59600067
10/14/2019,86.44550323,87.09449768,86.09999847,86.82150269,38204000,86.82150269
10/15/2019,87.10700226,88.82250214,87.03099823,88.3690033,62234000,88.3690033
10/16/2019,88.66649628,89.31199646,88.52600098,88.87149811,55268000,88.87149811
10/17/2019,89.82450104,89.94249725,89.10099792,89.37400055,52948000,89.37400055
10/18/2019,89.38999939,89.6989975,87.45999908,87.87550354,67250000,87.87550354
10/21/2019,88.48300171,89.29399872,88.25,89.28299713,42608000,89.28299713
10/22/2019,89.40750122,89.48899841,88.09999847,88.28649902,42234000,88.28649902
10/23/2019,88.06500244,88.50250244,87.09999847,88.10849762,42764000,88.10849762
10/24/2019,88.55449677,89.41699982,88.0134964,89.03900146,88922000,89.03900146
10/25/2019,84.87750244,88.21050262,84.75,88.0664978,192528000,88.0664978
10/28/2019,87.40299988,88.93499756,87.125,88.85399628,74178000,88.85399628
10/29/2019,88.7405014,88.84999847,87.79049683,88.13549805,45538000,88.13549805
10/30/2019,88.01200104,89.1190033,87.95600128,88.99949646,48988000,88.99949646
10/31/2019,88.79949951,89.59999847,88.5739975,88.83300018,55624000,88.83300018
11/1/2019,89.40049744,89.87249756,89.26049805,89.5719986,55808000,89.5719986
11/4/2019,90.05049896,90.75299835,90.05049896,90.23300171,55438000,90.23300171
11/5/2019,90.45800018,90.51249695,89.69999695,90.08550262,37710000,90.08550262
11/6/2019,90.05000305,90.125,89.42900085,89.78849792,40596000,89.78849792
11/7/2019,90.18800354,90.29499817,89.1740036,89.41000366,53022000,89.41000366
11/8/2019,89.39450073,89.4940033,88.70200348,89.29399872,42466000,89.29399872
11/11/2019,88.90000153,89,88.35649872,88.58249664,38920000,88.58249664
11/12/2019,88.73300171,89.31099701,88.59549713,88.90000153,40752000,88.90000153
11/13/2019,88.66950226,88.75,87.36599731,87.65550232,59790000,87.65550232
11/14/2019,87.57150269,88.32949829,87.47799683,87.73000336,45296000,87.73000336
11/15/2019,88.00250244,88.08399963,86.64299774,86.97450256,78552000,86.97450256
11/18/2019,86.91500092,87.68499756,86.13549805,87.62650299,56790000,87.62650299
11/19/2019,87.84950256,88.03399658,87.15149689,87.63950348,45416000,87.63950348
11/20/2019,87.45700073,88.12599945,86.70600128,87.27649689,55800000,87.27649689
11/21/2019,87.15000153,87.34349823,86.51799774,86.73549652,53258000,86.73549652
11/22/2019,86.9509964,87.32150269,86.55000305,87.28600311,49582000,87.28600311
11/25/2019,87.66249847,88.8710022,87.66200256,88.69200134,69724000,88.69200134
11/26/2019,88.9960022,89.85150146,88.91750336,89.84700012,63624000,89.84700012
11/27/2019,90.05000305,91.22499847,89.8655014,90.92549896,60512000,90.92549896
11/29/2019,90.88899994,91.23449707,90.03949738,90.04000092,38468000,90.04000092
12/2/2019,90.22000122,90.27749634,88.13400269,89.08000183,78512000,89.08000183
12/3/2019,88,88.64350128,87.3615036,88.4980011,67618000,88.4980011
12/4/2019,88.70050049,89.45449829,88.01100159,88.03450012,53402000,88.03450012
12/5/2019,88.17500305,88.17500305,87,87.02400208,56476000,87.02400208
12/6/2019,87.55999756,87.72000122,87.00650024,87.58000183,62348000,87.58000183
12/9/2019,87.53299713,88.34449768,87.28050232,87.47550201,48856000,87.47550201
12/10/2019,87.37000275,87.53350067,86.75,86.96050262,50286000,86.96050262
12/11/2019,87.08350372,87.5,86.78549957,87.43599701,41952000,87.43599701
12/12/2019,87.5,88.19999695,87.27200317,88.01650238,61918000,88.01650238
12/13/2019,88.25,88.44950104,87.75,88.04699707,54914000,88.04699707
12/16/2019,88.34999847,88.47499847,87.85250092,88.46050262,62904000,88.46050262
12/17/2019,88.90049744,89.59999847,88.86949921,89.53299713,72888000,89.53299713
12/18/2019,89.75099945,89.91000366,89.11799622,89.20149994,67028000,89.20149994
12/19/2019,89.02500153,89.64949799,88.70300293,89.61399841,53056000,89.61399841
12/20/2019,89.98100281,90.14849854,89.12249756,89.32499695,103016000,89.32499695
12/23/2019,89.41300201,89.65000153,89.22550201,89.65000153,42728000,89.65000153
12/24/2019,89.69049835,89.77850342,89.3789978,89.46050262,17626000,89.46050262
12/26/2019,90.05049896,93.52300262,89.97499847,93.43849945,120108000,93.43849945
12/27/2019,94.14600372,95.06999969,93.30049896,93.48999786,123732000,93.48999786
12/30/2019,93.69999695,94.19999695,92.03099823,92.34449768,73494000,92.34449768
12/31/2019,92.09999847,92.66300201,91.6115036,92.39199829,50130000,92.39199829
1/2/2020,93.75,94.90049744,93.20749664,94.90049744,80580000,94.90049744
1/3/2020,93.22499847,94.30999756,93.22499847,93.74849701,75288000,93.74849701
1/6/2020,93,95.18450165,93,95.14399719,81236000,95.14399719
1/7/2020,95.22499847,95.69450378,94.60199738,95.34300232,80898000,95.34300232
1/8/2020,94.90200043,95.55000305,94.3219986,94.59850311,70160000,94.59850311
1/9/2020,95.49449921,95.89099884,94.79000092,95.05249786,63346000,95.05249786
1/10/2020,95.26850128,95.34700012,94,94.15799713,57074000,94.15799713
1/13/2020,94.56549835,94.90000153,94.04000092,94.56500244,55616000,94.56500244
1/14/2020,94.29399872,94.35549927,92.92749786,93.47200012,68818000,93.47200012
1/15/2020,93.61250305,93.94300079,92.75450134,93.10099792,57932000,93.10099792
1/16/2020,94.14949799,94.27950287,93.3010025,93.89700317,53190000,93.89700317
1/17/2020,94.29450226,94.33200073,92.86250305,93.23600006,79946000,93.23600006
1/21/2020,93.25,94.71350098,93,94.59999847,74156000,94.59999847
1/22/2020,94.80449677,95.125,94.16699982,94.3730011,64326000,94.3730011
1/23/2020,94.25550079,94.49900055,93.63800049,94.22899628,49692000,94.22899628
1/24/2020,94.5684967,94.74949646,92.37200165,93.08200073,75324000,93.08200073
1/27/2020,91,92.05000305,90.76699829,91.41699982,70570000,91.41699982
1/28/2020,92.02500153,92.90550232,91.50099945,92.66249847,56160000,92.66249847
1/29/2020,93.19999695,93.73750305,92.75099945,92.90000153,41760000,92.90000153
1/30/2020,92.90000153,93.64350128,92.53050232,93.53399658,126548000,93.53399658
1/31/2020,102.5735016,102.7860031,100.1135025,100.435997,311346000,100.435997
2/3/2020,100.5299988,102.4250031,100.0124969,100.2099991,117834000,100.2099991
2/4/2020,101.4940033,102.9899979,100.7685013,102.4834976,105786000,102.4834976
2/5/2020,103.5510025,103.5510025,101.5999985,101.9934998,87524000,101.9934998
2/6/2020,102.0510025,102.8150024,101.2399979,102.5114975,63660000,102.5114975
2/7/2020,102.0995026,104.9264984,101.9049988,103.9639969,101906000,103.9639969
2/10/2020,104.2505035,106.7799988,104.2480011,106.6955032,101124000,106.6955032
2/11/2020,107.5449982,109.2975006,106.8000031,107.5400009,114920000,107.5400009
2/12/2020,108.1600037,109.0124969,107.7645035,108,66686000,108
2/13/2020,107.2494965,108.5139999,107.0999985,107.4934998,60636000,107.4934998
2/14/2020,107.7839966,107.9520035,106.2945023,106.7434998,52124000,106.7434998
2/18/2020,106.2509995,108.3034973,106.2054977,107.7835007,58912000,107.7835007
2/19/2020,108.3899994,109.2549973,108.0559998,108.5110016,51224000,108.5110016
2/20/2020,108.6535034,108.8395004,106.3724976,107.6549988,62626000,107.6549988
2/21/2020,107.1074982,107.2275009,104.4000015,104.7985001,92926000,104.7985001
2/24/2020,100.1589966,101.9649963,99.39849854,100.4645004,130940000,100.4645004
2/25/2020,101.3209991,101.7300034,97.92099762,98.63700104,124382000,98.63700104
2/26/2020,98.51399994,100.7334976,98.02249908,98.97949982,104492000,98.97949982
2/27/2020,96.71900177,98.75,94.13800049,94.21499634,162880000,94.21499634
2/28/2020,90.73149872,94.48799896,90.5565033,94.1875,189620000,94.1875
3/2/2020,95.32450104,97.72550201,93.5,97.69750214,135234000,97.69750214
3/3/2020,98.76850128,99.8164978,94.40450287,95.44950104,150690000,95.44950104
3/4/2020,97.32849884,98.90000153,96.09999847,98.79149628,95458000,98.79149628
3/5/2020,96.65000153,98.03600311,95.5,96.20149994,94964000,96.20149994
3/6/2020,93.75,95.54350281,93.47499847,95.05449677,105472000,95.05449677
3/9/2020,88.69300079,93.1384964,88.0644989,90.03050232,156264000,90.03050232
3/10/2020,93.54399872,94.71350098,90.90850067,94.59100342,142666000,94.59100342
3/11/2020,92.89250183,93.56600189,90.07499695,91.04299927,112496000,91.04299927
3/12/2020,86.09899902,88.25,83.75,83.83049774,226924000,83.83049774
3/13/2020,87.75,89.31549835,84.03099823,89.25,176194000,89.25
3/16/2020,82.07550049,87.97250366,81.30149841,84.45749664,178346000,84.45749664
3/17/2020,88.77349854,92.88899994,84.46199799,90.39199829,218342000,90.39199829
3/18/2020,87.5,92.08300018,87.25,91.5,192904000,91.5
3/19/2020,93,97.25,91.63249969,94.04650116,207998000,94.04650116
3/20/2020,96.31549835,97.84999847,91.03649902,92.30449677,196358000,92.30449677
3/23/2020,91.38749695,95.97000122,90.59999847,95.14150238,156170000,95.14150238
3/24/2020,97.57499695,97.75,95.01699829,97.00499725,142942000,97.00499725
3/25/2020,96.03450012,97.51300049,94.28900146,94.29199982,129582000,94.29199982
3/26/2020,95.09999847,97.82450104,94.46450043,97.77449799,124426000,97.77449799
3/27/2020,96.54299927,96.98950195,94.9960022,95.00499725,107758000,95.00499725
3/30/2020,96.14150238,98.6815033,95.61699677,98.19750214,122522000,98.19750214
3/31/2020,98.21749878,99.65100098,97.20050049,97.48600006,102472000,97.48600006
4/1/2020,96.64849854,97.2480011,94.65000153,95.38500214,82438000,95.38500214
4/2/2020,95.08200073,96.37650299,94.5,95.9414978,86720000,95.9414978
4/3/2020,95.55750275,96.3164978,94.45749664,95.32949829,72198000,95.32949829
4/6/2020,96.80000305,99.9260025,96.50099945,99.87950134,115464000,99.87950134
4/7/2020,100.8554993,101.7860031,99.8809967,100.5800018,102280000,100.5800018
4/8/2020,101.0500031,102.1999969,100.5575027,102.1500015,79546000,102.1500015
4/9/2020,102.2149963,102.6500015,100.8830032,102.1380005,92930000,102.1380005
4/13/2020,102,109,101.9000015,108.4434967,134334000,108.4434967
4/14/2020,110.0234985,114.5999985,109.3105011,114.1660004,161744000,114.1660004
4/15/2020,112.8840027,116.6685028,112.25,115.3840027,137332000,115.3840027
4/16/2020,117.3000031,123.0500031,116.75,120.4095001,240764000,120.4095001
4/17/2020,118.6165009,120,115.8010025,118.75,158600000,118.75
4/20/2020,119.4974976,122.2490005,119.3024979,119.6804962,115414000,119.6804962
4/21/2020,120.8304977,121.4154968,113.9830017,116.4059982,149534000,116.4059982
4/22/2020,118.4499969,119.6999969,117.5500031,118.1744995,84244000,118.1744995
4/23/2020,119.9990005,121.2109985,119.1039963,119.9725037,101332000,119.9725037
4/24/2020,120.8499985,121.0214996,119.0999985,120.5110016,76498000,120.5110016
4/27/2020,122.1600037,122.2440033,118.1500015,118.8000031,112912000,118.8000031
4/28/2020,118.6050034,118.6750031,115.3000031,115.7040024,105388000,115.7040024
4/29/2020,116.5005035,119.5944977,115.5,118.635498,91832000,118.635498
4/30/2020,120.9919968,123.75,119.800499,123.6999969,190692000,123.6999969
5/1/2020,116.8399963,118.1220016,112.9095001,114.302002,195452000,114.302002
5/4/2020,112.8190002,116.348999,112.8190002,115.7994995,97318000,115.7994995
5/5/2020,117,117.5500031,115.3564987,115.8899994,64850000,115.8899994
5/6/2020,116.4720001,117.8724976,116,117.5630035,62356000,117.5630035
5/7/2020,118.7389984,118.8000031,117.1555023,118.3805008,67928000,118.3805008
5/8/2020,118.6070023,119.3619995,117.8499985,118.9804993,64132000,118.9804993
5/11/2020,118.7350006,120.9834976,118.6054993,120.4499969,65184000,120.4499969
5/12/2020,120.5924988,120.9499969,117.75,117.8475037,61498000,117.8475037
5/13/2020,118.3399963,120.3850021,116.8899994,118.3960037,95658000,118.3960037
5/14/2020,118.050499,119.5684967,117.6604996,119.4424973,72962000,119.4424973
5/15/2020,118.4260025,120.5500031,117.8184967,120.4889984,84700000,120.4889984
5/18/2020,120.2174988,121.6500015,119.2005005,121.3130035,87144000,121.3130035
5/19/2020,121.4915009,124.25,121.4485016,122.4664993,86410000,122.4664993
5/20/2020,123.8935013,125.0005035,123.3635025,124.8970032,79962000,124.8970032
5/21/2020,125,126.2724991,122.1269989,122.336998,102288000,122.336998
5/22/2020,122.7505035,123.4925003,121.5065002,121.8440018,57342000,121.8440018
5/26/2020,122.9000015,123.0999985,120.7030029,121.0930023,71364000,121.0930023
5/27/2020,120.2494965,120.6790009,116.5,120.5195007,101138000,120.5195007
5/28/2020,119.2164993,121.8485031,118.911499,120.0550003,63804000,120.0550003
5/29/2020,120.7969971,122.1184998,119.9100037,122.1184998,70198000,122.1184998
6/1/2020,122.4000015,123.8464966,122.2085037,123.552002,58578000,123.552002
6/2/2020,123.3499985,123.6764984,122.2655029,123.6204987,50598000,123.6204987
6/3/2020,123.4004974,124.4000015,123.0585022,123.9199982,53420000,123.9199982
6/4/2020,123.8714981,125.3769989,122.5005035,123.0299988,58974000,123.0299988
6/5/2020,122.225502,124.4325027,121.8564987,124.1500015,66128000,124.1500015
6/8/2020,125.0100021,126.5,124.3669968,126.2030029,79414000,126.2030029
6/9/2020,126.4720001,131.3215027,126.25,130.0429993,103520000,130.0429993
6/10/2020,132.25,136.1174927,131.3130035,132.3724976,98920000,132.3724976
6/11/2020,130.1750031,133.5690002,126.8115005,127.8980026,116002000,127.8980026
6/12/2020,130.0605011,131.0740051,125.1675034,127.2509995,108722000,127.2509995
6/15/2020,126.3300018,129.1999969,125.4000015,128.6340027,77302000,128.6340027
6/16/2020,131,131,128.8000031,130.763504,71712000,130.763504
6/17/2020,132.375,132.75,131.5910034,132.048996,59186000,132.048996
6/18/2020,132.3504944,132.9819946,131.8054962,132.6990051,49756000,132.6990051
6/19/2020,133.904007,134.8715057,132.9499969,133.7505035,115540000,133.7505035
6/22/2020,134.2250061,135.75,133.4499969,135.6909943,64176000,135.6909943
6/23/2020,136.3009949,139.1555023,135.9019928,138.2205048,84634000,138.2205048
6/24/2020,139,139.8000031,136.0500031,136.7200012,90532000,136.7200012
6/25/2020,136.9774933,137.8114929,135.6069946,137.7290039,59374000,137.7290039
6/26/2020,138.753006,139.1284943,134.3999939,134.6434937,130016000,134.6434937
6/29/2020,134.5005035,134.8399963,131.5039978,134.0189972,84468000,134.0189972
6/30/2020,134.2534943,138.4815063,133.7514954,137.9409943,75394000,137.9409943
7/1/2020,137.8995056,144.75,137.6999969,143.9349976,127268000,143.9349976
7/2/2020,145.6004944,147.7779999,143.5549927,144.5149994,131868000,144.5149994
7/6/2020,146.7485046,152.9940033,146.5,152.852005,137612000,152.852005
7/7/2020,152.9275055,153.4774933,149.5,150.0059967,105150000,150.0059967
7/8/2020,151.1304932,154.1985016,150.6215057,154.0554962,100752000,154.0554962
7/9/2020,155.7994995,159.6940002,153.6999969,159.1315002,127774000,159.1315002
7/10/2020,159.5879974,160.75,156.7850037,160,109720000,160
7/13/2020,162.5529938,167.2144928,153.4194946,155.1999969,154408000,155.1999969
7/14/2020,154.4499969,156.3690033,147.5,154.1999969,144638000,154.1999969
7/15/2020,154.0115051,154.9174957,148.6589966,150.4434967,115778000,150.4434967
7/16/2020,148.5529938,151.6000061,145.911499,149.9949951,127884000,149.9949951
7/17/2020,150.4499969,151.1999969,147.4225006,148.0984955,95226000,148.0984955
7/20/2020,150.0099945,160.0679932,149.701004,159.8419952,151964000,159.8419952
7/21/2020,161.6244965,162.029007,155.2859955,156.914505,122426000,156.914505
7/22/2020,156.25,157.5,153.2630005,154.9954987,82084000,154.9954987
7/23/2020,154.9134979,154.9134979,148.5,149.3274994,113138000,149.3274994
7/24/2020,146.5,151.5789948,144.3999939,150.4454956,112648000,150.4454956
7/27/2020,153.1000061,154.8999939,150.7884979,152.760498,83410000,152.760498
7/28/2020,152.713501,153.8545074,149.7879944,150.0164948,62534000,150.0164948
7/29/2020,151.5494995,151.9579926,149.838501,151.6764984,59482000,151.6764984
7/30/2020,150.6999969,154.6000061,150.25,152.5939941,122566000,152.5939941
7/31/2020,162.1999969,162.3410034,157.5500031,158.2339935,161710000,158.2339935
8/3/2020,159.0254974,159.1999969,155.1999969,155.5944977,101494000,155.5944977
8/4/2020,155.0605011,158.3619995,155.0605011,156.9414978,93886000,156.9414978
8/5/2020,157.1885071,160.6795044,156.3650055,160.2514954,78330000,160.2514954
8/6/2020,159.7180023,162.3735046,158.2714996,161.25,78812000,161.25
8/7/2020,161.2005005,162.0404968,157.033493,158.3730011,78722000,158.3730011
8/10/2020,158.5155029,158.6255035,155.076004,157.4080048,63346000,157.4080048
8/11/2020,155.6600037,157.9609985,153.6499939,154.033493,74362000,154.033493
8/12/2020,155.3999939,158.7194977,155.0709991,158.1119995,70442000,158.1119995
8/13/2020,159.1495056,160.8760071,157.75,158.0509949,62980000,158.0509949
8/14/2020,158.9089966,158.9120026,156,157.401001,55034000,157.401001
8/17/2020,158.6560059,159.7485046,157.7089996,159.1204987,53824000,159.1204987
8/18/2020,160.6000061,166,160.2910004,165.6244965,106920000,165.6244965
8/19/2020,165.1504974,165.7949982,162.8000031,163.0240021,83702000,163.0240021
8/20/2020,162.6000061,165.6309967,161.8999939,164.8684998,66650000,164.8684998
8/21/2020,164.75,165.7200012,163.7695007,164.2359924,71518000,164.2359924
8/24/2020,165.5075073,169.0160065,162.878006,165.3730011,93326000,165.3730011
8/25/2020,164.7494965,167.8699951,163.3500061,167.3244934,79856000,167.3244934
8/26/2020,167.5554962,172.5870056,167.2285004,172.0924988,130174000,172.0924988
8/27/2020,172.5025024,172.6499939,168.8999939,170,85296000,170
8/28/2020,171.1499939,171.6685028,169.3249969,170.0899963,57940000,170.0899963
8/31/2020,170.4494934,174.75,170.25,172.5480042,83718000,172.5480042
9/1/2020,174.4790039,175.6934967,173.3500061,174.9559937,68644000,174.9559937
9/2/2020,177.3500061,177.6125031,174.3345032,176.5724945,78630000,176.5724945
9/3/2020,174.25,174.4205017,165.1499939,168.3999939,163222000,168.3999939
9/4/2020,165.8999939,169.0749969,155.5565033,164.7310028,175636000,164.7310028
9/8/2020,157.1999969,162.5424957,156.5,157.4920044,121884000,157.4920044
9/9/2020,160.1495056,165.1589966,159.25,163.4304962,103774000,163.4304962
9/10/2020,165.3609924,167.4945068,158.5274963,158.7554932,106614000,158.7554932
9/11/2020,160.434494,160.8670044,154.1990051,155.8110046,101880000,155.8110046
9/14/2020,158.6470032,159.3695068,154.8000031,155.1484985,90592000,155.1484985
9/15/2020,156.8079987,158.7510071,155.4459991,157.8065033,80430000,157.8065033
9/16/2020,158.9994965,159.3619995,153.7075043,153.9049988,90244000,153.9049988
9/17/2020,150.4624939,151.4714966,148.6275024,150.4364929,128982000,150.4364929
9/18/2020,151.5870056,151.8899994,145.2769928,147.7454987,177852000,147.7454987
9/21/2020,145.3249969,148.1000061,143.5500031,148.0234985,122358000,148.0234985
9/22/2020,151.6920013,156.6994934,150.0099945,156.4494934,138976000,156.4494934
9/23/2020,156.0214996,156.3500061,149.6190033,149.9929962,113054000,149.9929962
9/24/2020,148.8894958,153.4649963,148.25,150.989502,110588000,150.989502
9/25/2020,152.7429962,155.0769958,149.9499969,154.7565002,92304000,154.7565002
9/28/2020,157.4425049,158.7519989,155.8585052,158.7024994,84484000,158.7024994
9/29/2020,158.7695007,159.4129944,156.6269989,157.2440033,69916000,157.2440033
9/30/2020,157.0570068,160.6439972,156.6994934,157.4364929,97922000,157.4364929
10/1/2020,160.3999939,161.1999969,158.6000061,161.0630035,99438000,161.0630035
10/2/2020,157.6815033,159.7899933,156.1499939,156.25,112262000,156.25
10/5/2020,157.2920074,160.1264954,157.0424957,159.9600067,75506000,159.9600067
10/6/2020,158.25,159.1000061,154.5,154.9980011,101738000,154.9980011
10/7/2020,156.75,160,156.6195068,159.7845001,86188000,159.7845001
10/8/2020,161.2494965,161.664505,158.7494965,159.5274963,63482000,159.5274963
10/9/2020,160.5,164.4494934,159.8914948,164.3325043,98158000,164.3325043
10/12/2020,167.496994,174.8119965,166.9774933,172.1464996,167284000,172.1464996
10/13/2020,173.3995056,174.6190033,171.2109985,172.1815033,114894000,172.1815033
10/14/2020,172.3500061,173.2440033,167,168.1855011,116254000,168.1855011
10/15/2020,164.6004944,167.7940063,164,166.9324951,104468000,166.9324951
10/16/2020,168.161499,169.9830017,158,163.635498,129488000,163.635498
10/19/2020,164.9804993,166.4499969,159.6369934,160.3605042,104472000,160.3605042
10/20/2020,161.1139984,163.3000031,159.6004944,160.8504944,90194000,160.8504944
10/21/2020,160.625,161.6940002,158,159.246994,91854000,159.246994
10/22/2020,159.4934998,159.9375,156.0970001,158.8200073,84240000,158.8200073
10/23/2020,159.5500031,160.2664948,157,160.2200012,69334000,160.2200012
10/26/2020,159.9369965,164.1490021,157.6649933,160.352005,118024000,160.352005
10/27/2020,161.246994,164.5829926,160.5650024,164.3164978,85820000,164.3164978
10/28/2020,162.4649963,163.201004,158.1235046,158.1390076,111766000,158.1390076
10/29/2020,160.0635071,162.8625031,158.1999969,160.5505066,131930000,160.5505066
10/30/2020,157.8874969,158.3500061,150.9499969,151.8074951,167728000,151.8074951
11/2/2020,153.0870056,153.9855042,147.5059967,150.223999,145148000,150.223999
11/3/2020,150.9264984,153.7449951,149.048996,152.4205017,97958000,152.4205017
11/4/2020,157.9994965,162.2424927,156.986496,162.0579987,136780000,162.0579987
11/5/2020,165.9985046,168.3399963,164.4440002,166.1000061,115786000,166.1000061
11/6/2020,165.2319946,166.1000061,161.6000061,165.5684967,92946000,165.5684967
11/9/2020,161.5514984,164.4499969,155.6054993,157.1869965,143808000,157.1869965
11/10/2020,154.7510071,155.6999969,150.973999,151.7510071,131820000,151.7510071
11/11/2020,153.0890045,156.9575043,152.5,156.8695068,87338000,156.8695068
11/12/2020,157.9974976,158.7940063,154.3025055,155.5140076,87240000,155.5140076
11/13/2020,156.1000061,157.0859985,154.2695007,156.440506,75124000,156.440506
11/16/2020,154.6600037,157.1349945,153.6345062,156.5529938,76174000,156.5529938
11/17/2020,159.177002,159.4624939,156.7630005,156.7830048,68894000,156.7830048
11/18/2020,156.6999969,157,155.2550049,155.272995,58336000,155.272995
11/19/2020,155.2655029,156.25,154.0460052,155.8509979,60206000,155.8509979
11/20/2020,155.8509979,156.6445007,154.9024963,154.9700012,67488000,154.9700012
11/23/2020,155.8350067,156.9875031,153.272995,154.9194946,94178000,154.9194946
11/24/2020,155.0249939,156.7124939,154.3130035,155.9029999,72042000,155.9029999
11/25/2020,157.0935059,159.8999939,157.0130005,159.2534943,75808000,159.2534943
11/27/2020,160.5630035,160.809494,159.5025024,159.7669983,47858000,159.7669983
11/30/2020,160.423996,161.4194946,156.2774963,158.4019928,81278000,158.4019928
12/1/2020,159.4250031,162.4474945,157.8589935,161.0039978,90740000,161.0039978
12/2/2020,161.0825043,161.6000061,158.6629944,160.1764984,62586000,160.1764984
12/3/2020,160.272995,161.4320068,159.065506,159.3365021,57840000,159.3365021
12/4/2020,159.9105072,159.9105072,157.9380035,158.1289978,58272000,158.1289978
12/7/2020,157.8240051,159.0379944,157.0845032,157.8999939,55026000,157.8999939
12/8/2020,157.9450073,159.2064972,156.0010071,158.864502,65726000,158.864502
12/9/2020,158.3945007,158.7214966,154.3999939,155.2100067,82016000,155.2100067
12/10/2020,154.4494934,157.1049957,153.8000031,155.0744934,60604000,155.0744934
12/11/2020,154.8329926,155.9335022,153.6410065,155.8209991,61294000,155.8209991
12/14/2020,157.1499939,159.5234985,156.3000031,157.8484955,83116000,157.8484955
12/15/2020,159.0505066,159.4250031,156.5245056,158.2559967,66390000,158.2559967
12/16/2020,158.8005066,162.3500061,158.1840057,162.0480042,88552000,162.0480042
12/17/2020,162.5,163.1755066,161.0500031,161.8040009,69486000,161.8040009
12/18/2020,162.1994934,162.470993,158.5800018,160.0825043,119914000,160.0825043
12/21/2020,160.0005035,161.3484955,158.3000031,160.3090057,76736000,160.3090057
12/22/2020,160.1419983,161.1000061,159.0039978,160.326004,47388000,160.326004
12/23/2020,160.25,160.5065002,159.2084961,159.263504,41876000,159.263504
12/24/2020,159.6950073,160.1000061,158.4499969,158.6345062,29038000,158.6345062
12/28/2020,159.6999969,165.1999969,158.6345062,164.197998,113736000,164.197998
12/29/2020,165.496994,167.5325012,164.0610046,166.1000061,97458000,166.1000061
12/30/2020,167.0500031,167.1049957,164.1235046,164.2924957,64186000,164.2924957
12/31/2020,163.75,164.1459961,162.0599976,162.8464966,59144000,162.8464966
1/4/2021,163.5,163.6000061,157.201004,159.3314972,88228000,159.3314972
1/5/2021,158.3005066,161.1690063,158.253006,160.9255066,53110000,160.9255066
1/6/2021,157.3240051,159.8755035,156.5579987,156.9190063,87896000,156.9190063
1/7/2021,157.8500061,160.427002,157.75,158.1080017,70290000,158.1080017
1/8/2021,159,159.5319977,157.1100006,159.1349945,70754000,159.1349945
1/11/2021,157.4004974,157.8190002,155.5,155.710495,73668000,155.710495
1/12/2021,156,157.1069946,154.3000031,156.0415039,70292000,156.0415039
1/13/2021,156.4219971,159.4974976,156.1040039,158.2944946,66424000,158.2944946
1/14/2021,158.3760071,158.8999939,156.0294952,156.3735046,61418000,156.3735046
1/15/2021,156.151001,157.1275024,154.7584991,155.2124939,84880000,155.2124939
1/19/2021,155.3500061,157.25,154.8000031,156.0379944,66102000,156.0379944
1/20/2021,159.0995026,163.9900055,158.75,163.1690063,106196000,163.1690063
1/21/2021,164.6499939,167.4275055,164.4785004,165.3495026,98722000,165.3495026
1/22/2021,165.2154999,166.0955048,164.1580048,164.611496,56438000,164.611496
1/25/2021,166.4250031,168.1945038,162.1575012,164.6999969,74996000,164.6999969
1/26/2021,164.8179932,166.8999939,164.1434937,166.3065033,59104000,166.3065033
1/27/2021,167.0744934,167.326004,160.3540039,161.6289978,93204000,161.6289978
1/28/2021,161.7519989,165.0839996,161.434494,161.8809967,62984000,161.8809967
1/29/2021,161.5,161.8495026,159.2274933,160.3099976,85872000,160.3099976
2/1/2021,162.1179962,167.5130005,161.7514954,167.1439972,83204000,167.1439972
2/2/2021,169,171.3869934,168.0565033,169,141972000,169
2/3/2021,171.2505035,171.6999969,165.4309998,165.6264954,141776000,165.6264954
2/4/2021,166.5,167.3500061,163.8874969,166.5500031,73414000,166.5500031
2/5/2021,165.9499969,168.8500061,165.135498,167.6074982,72416000,167.6074982
2/8/2021,167.9250031,168.25,165.1999969,166.1470032,65148000,166.1470032
2/9/2021,165.6244965,166.8999939,164.8919983,165.25,44070000,165.25
2/10/2021,165.6999969,165.8975067,162.6999969,164.3289948,63032000,164.3289948
2/11/2021,164.6000061,164.6000061,162.4029999,163.1065063,46028000,163.1065063
2/12/2021,162.5,164.0124969,161.6654968,163.885498,46706000,163.885498
2/16/2021,162.7024994,165.4149933,162.6795044,163.4474945,51494000,163.4474945
2/17/2021,163.1799927,166.0455017,162.9750061,165.4320068,65950000,165.4320068
2/18/2021,164.1210022,166.8999939,163.6970062,166.411499,60548000,166.411499
2/19/2021,166.411499,166.6750031,162.2875061,162.4949951,86104000,162.4949951
2/22/2021,160.4064941,161.6159973,158.6130066,159.0370026,70314000,159.0370026
2/23/2021,156.3515015,160.236496,154.6799927,159.7250061,93544000,159.7250061
2/24/2021,158.3374939,158.5614929,156.2689972,157.9765015,60226000,157.9765015
2/25/2021,156.8370056,158.9129944,152.3880005,152.8580017,90676000,152.8580017
2/26/2021,154.7599945,156.121994,151.8350067,154.6464996,85518000,154.6464996
3/1/2021,156.3945007,157.4779968,154.8995056,157.3070068,54582000,157.3070068
3/2/2021,157.1734924,158.1759949,154.3560028,154.7265015,51916000,154.7265015
3/3/2021,154.0590057,155.3890076,149.75,150.25,79774000,150.25
3/4/2021,150.6000061,152.9064941,147.2714996,148.8784943,109632000,148.8784943
3/5/2021,150.25,150.4499969,144.0500031,150.022995,107772000,150.022995
3/8/2021,150.75,153.2295074,147.565506,147.5975037,83700000,147.5975037
3/9/2021,150.8995056,154.5480042,150.2575073,153.1425018,80600000,153.1425018
3/10/2021,154.9225006,155.822998,151.5025024,152.8820038,60250000,152.8820038
3/11/2021,155.2005005,156.5890045,154.1464996,155.6795044,55528000,155.6795044
3/12/2021,153.75,154.9490051,152.2749939,154.4745026,48438000,154.4745026
3/15/2021,153.7285004,154.1119995,151.6045074,154.0839996,58272000,154.0839996
3/16/2021,155.2485046,156.4454956,153.7929993,154.5930023,50776000,154.5930023
3/17/2021,153.6609955,158.6524963,153.5110016,156.786499,62372000,156.786499
3/18/2021,155.0500031,155.8314972,151.25,151.3995056,72992000,151.3995056
3/19/2021,151.4615021,153.864502,150.8314972,153.7480011,92508000,153.7480011
3/22/2021,153.3925018,156.3289948,153.0025024,155.5435028,58044000,155.5435028
3/23/2021,156.3500061,159.1000061,156.0424957,156.875,76346000,156.875
3/24/2021,157.552002,158.0155029,154.2575073,154.3535004,59180000,154.3535004
3/25/2021,153.6495056,155.4889984,151.8569946,152.3130035,71270000,152.3130035
3/26/2021,152.2030029,152.8329926,149.8000031,152.6015015,66258000,152.6015015
3/29/2021,152.7720032,154.5625,151.4225006,153.786499,54920000,153.786499
3/30/2021,153.5005035,153.6499939,151.6999969,152.7644958,46752000,152.7644958
3/31/2021,153.2030029,155.966507,153.125,154.7039948,61878000,154.7039948
4/1/2021,155.8970032,158.121994,155.7774963,158.0500031,58806000,158.0500031
4/5/2021,158.6499939,161.7980042,158.0619965,161.3365021,66698000,161.3365021
4/6/2021,161.1875,162.3654938,160.852005,161.1909943,50756000,161.1909943
4/7/2021,161.6900024,165.1804962,161.1824951,163.9694977,66924000,163.9694977
4/8/2021,165.5449982,166.2250061,164.6000061,164.9649963,56242000,164.9649963
4/9/2021,165.2350006,168.6100006,164.4450073,168.6100006,86830000,168.6100006
4/12/2021,167.760498,169.7519989,167.5574951,168.9694977,65636000,168.9694977
4/13/2021,170.0424957,171.6000061,169.7814941,170,66316000,170
4/14/2021,170.2019958,170.2064972,166.3000031,166.6499939,62904000,166.6499939
4/15/2021,168.5500031,169.8500061,167.6000061,168.9544983,64672000,168.9544983
4/16/2021,169,170.3399963,167.7794952,169.9720001,63720000,169.9720001
4/19/2021,169.5164948,171.7964935,168.0079956,168.6004944,54508000,168.6004944
4/20/2021,168.6799927,169.1495056,165.8000031,166.7344971,52460000,166.7344971
4/21/2021,165.8000031,168.1430054,165.190506,168.1009979,44224000,168.1009979
4/22/2021,168.5839996,168.6434937,165.0724945,165.4519958,51612000,165.4519958
4/23/2021,165.9550018,168.75,165.4250031,167.0440063,63856000,167.0440063
4/26/2021,167.3999939,171.4225006,166.5469971,170.4499969,97614000,170.4499969
4/27/2021,172.1734924,173,169.9004974,170.8715057,76542000,170.8715057
4/28/2021,171.7400055,174.4940033,171.25,172.9250031,92638000,172.9250031
4/29/2021,175.2550049,175.7225037,171.75,173.565506,153648000,173.565506
4/30/2021,176.2559967,177.6999969,173.125,173.3710022,140186000,173.3710022
5/3/2021,174.236496,174.3325043,168.6349945,169.3244934,117510000,169.3244934
5/4/2021,167.809494,168.3990021,163.6065063,165.5935059,108788000,165.5935059
5/5/2021,166.9429932,167.7350006,163.2180023,163.5269928,74226000,163.5269928
5/6/2021,163.5,165.7200012,162.3600006,165.3184967,88954000,165.3184967
5/7/2021,165.9544983,166.5444946,164.4535065,164.5805054,94206000,164.5805054
5/10/2021,164.1159973,164.1499939,159.5,159.5245056,116772000,159.5245056
5/11/2021,156.8139954,161.8999939,156.3684998,161.1954956,92396000,161.1954956
5/12/2021,159.25,160.3970032,156.6549988,157.5970001,98728000,157.5970001
5/13/2021,159.2734985,160.1920013,156.6499939,158.0735016,67018000,158.0735016
5/14/2021,159.2779999,161.4429932,159.1499939,161.1450043,66500000,161.1450043
5/17/2021,162.2964935,164.6374969,161.7295074,163.5195007,74478000,163.5195007
5/18/2021,164.6289978,165.6000061,161.5184937,161.6139984,56568000,161.6139984
5/19/2021,159.75,161.7375031,159.1999969,161.5899963,53594000,161.5899963
5/20/2021,162.2200012,162.9839935,161.8090057,162.3840027,52664000,162.3840027
5/21/2021,162.5,162.8345032,159.8504944,160.154007,82098000,160.154007
5/24/2021,160.7749939,162.8975067,160.5249939,162.2494965,48456000,162.2494965
5/25/2021,163.3334961,163.9909973,160.6880035,162.9524994,65222000,162.9524994
5/26/2021,163.7295074,164.786499,162.9255066,163.2579956,47680000,163.2579956
5/27/2021,162.8000031,163.0180054,161.5019989,161.5054932,51224000,161.5054932
5/28/2021,162.1000061,162.3995056,160.9850006,161.1535034,46596000,161.1535034
6/1/2021,162.1750031,162.548996,160.4530029,160.9324951,48600000,160.9324951
6/2/2021,161.1549988,161.75,160.3999939,161.6994934,40290000,161.6994934
6/3/2021,160.2115021,160.7220001,159.2015076,159.3504944,47966000,159.3504944
6/4/2021,160.6000061,161.0500031,159.940506,160.3110046,44994000,160.3110046
6/7/2021,159.8665009,160.3999939,158.6100006,159.9004974,44316000,159.9004974
6/8/2021,161.1304932,163.9765015,160.9004974,163.2055054,68334000,163.2055054
6/9/2021,163.6434937,164.8789978,163.5350037,164.0574951,49110000,164.0574951
6/10/2021,164.1004944,167.5500031,164.0574951,167.4824982,69530000,167.4824982
6/11/2021,167.4824982,168.3289948,166.6725006,167.341507,56348000,167.341507
6/14/2021,167.341507,169.25,166.7749939,169.1934967,51394000,169.1934967
6/15/2021,169.1999969,169.8495026,168.1555023,169.1564941,48524000,169.1564941
6/16/2021,169.6000061,171.3175049,168.0265045,170.7624969,84056000,170.7624969
6/17/2021,170.1589966,174.8600006,170.0500031,174.4620056,102730000,174.4620056
6/18/2021,173.9994965,175.3500061,173.6855011,174.3450012,104954000,174.3450012
6/21/2021,173.8209991,174.1000061,171.6999969,172.697998,65542000,172.697998
6/22/2021,172.9029999,176.1889954,172.8045044,175.2720032,66902000,175.2720032
6/23/2021,175.25,176.0500031,174.1600037,175.1909943,56266000,175.1909943
6/24/2021,175.3820038,176.2429962,171.5424957,172.4539948,76640000,172.4539948
6/25/2021,173.1999969,173.2409973,169.7089996,170.072998,78820000,170.072998
6/28/2021,170.8000031,172.3999939,170.6755066,172.1945038,44856000,172.1945038
6/29/2021,171.9409943,172.8014984,171.1515045,172.4069977,41968000,172.4069977
6/30/2021,172.0529938,173.5800018,171.75,172.0079956,48080000,172.0079956
7/1/2021,171.7304993,172.8500061,170.470993,171.6484985,40742000,171.6484985
7/2/2021,172.5820007,175.5859985,171.845993,175.548996,63388000,175.548996
7/6/2021,176.5054932,184.2740021,176.4499969,183.7870026,134896000,183.7870026
7/7/2021,185.8690033,186.7100067,183.9454956,184.8289948,106562000,184.8289948
7/8/2021,182.1779938,187.9994965,181.0559998,186.5704956,103612000,186.5704956
7/9/2021,186.1260071,187.3999939,184.6699982,185.9669952,74964000,185.9669952
7/12/2021,187.1999969,187.864502,184.8394928,185.9275055,51432000,185.9275055
7/13/2021,185.1049957,188.654007,183.5659943,183.8679962,76918000,183.8679962
7/14/2021,185.4425049,185.8829956,183.0415039,184.0839996,65932000,184.0839996
7/15/2021,184.7100067,184.7700043,181.0460052,181.5599976,63706000,181.5599976
7/16/2021,181.6654968,182.3029938,178.522995,178.6815033,80874000,178.6815033
7/19/2021,176.6289978,177.510498,174.9579926,177.4795074,75692000,177.4795074
7/20/2021,178.3659973,179.6000061,175.8999939,178.6595001,65114000,178.6595001
7/21/2021,178.8190002,179.3224945,177.1820068,179.2599945,46380000,179.2599945
7/22/2021,179.361496,182.0010071,179.1134949,181.9015045,65308000,181.9015045
7/23/2021,182,183.3054962,181.102005,182.8320007,48726000,182.8320007
7/26/2021,183.658493,185.6040039,182.3625031,184.9909973,58002000,184.9909973
7/27/2021,184.9250031,184.9250031,179.3074951,181.3195038,82638000,181.3195038
7/28/2021,181.6889954,182.9210052,180.0500031,181.5160065,59988000,181.5160065
7/29/2021,181.3874969,181.8975067,179.0005035,179.9960022,110400000,179.9960022
7/30/2021,167.3975067,168.4069977,165.348999,166.3795013,199312000,166.3795013
8/2/2021,167.6549988,167.9459991,165.8500061,166.5740051,67078000,166.5740051
8/3/2021,167.0359955,169.5500031,164.9884949,168.3119965,83146000,168.3119965
8/4/2021,168.9674988,169.4440002,167.2779999,167.7359924,43678000,167.7359924
8/5/2021,167.8110046,169.4499969,167.0460052,168.7994995,48670000,168.7994995
8/6/2021,168.75,168.75,166.4519958,167.246994,52752000,167.246994
8/9/2021,167.1804962,167.7440033,166.4259949,167.0935059,42964000,167.0935059
8/10/2021,167.2505035,167.8999939,165.75,166.0339966,48252000,166.0339966
8/11/2021,166.5724945,166.8849945,163.8894958,164.6054993,58944000,164.6054993
8/12/2021,164.5,165.7254944,163.4835052,165.1750031,46282000,165.1750031
8/13/2021,165.283493,165.3034973,164.1499939,164.6985016,41134000,164.6985016
8/16/2021,164.1499939,165,160.5565033,164.9494934,66394000,164.9494934
8/17/2021,163.875,164.0245056,161.2839966,162.0980072,67758000,162.0980072
8/18/2021,162.0995026,162.7050018,160,160.0610046,56086000,160.0610046
8/19/2021,159.701004,161.6499939,159.1230011,159.3874969,75658000,159.3874969
8/20/2021,160.1934967,160.3905029,158.7879944,159.9974976,67168000,159.9974976
8/23/2021,160.5950012,164.0449982,160.5005035,163.2935028,65362000,163.2935028
8/24/2021,164,165.7745056,163.7290039,165.2890015,51036000,165.2890015
8/25/2021,165.4934998,166.0500031,164.3074951,164.9589996,33606000,164.9589996
8/26/2021,164.9499969,166.6000061,164.8000031,165.8000031,41976000,165.8000031
8/27/2021,166.661499,167.6159973,165.6875,167.4815063,48048000,167.4815063
8/30/2021,167.8715057,172.25,167.7610016,171.0785065,63844000,171.0785065
8/31/2021,171.2400055,173.6289978,169.7794952,173.539505,87128000,173.539505
9/1/2021,174.8200073,176.3500061,173.7619934,173.9499969,72598000,173.9499969
9/2/2021,174.7380066,175.5980072,172.75,173.1560059,58474000,173.1560059
9/3/2021,172.6000061,174.1334991,171.8220062,173.9024963,51514000,173.9024963
9/7/2021,173.8999939,176.4044952,173.8470001,175.4644928,54758000,175.4644928
9/8/2021,175.5825043,177.2814941,174.783493,176.2749939,61068000,176.2749939
9/9/2021,176.3009949,177.4994965,174.0184937,174.2079926,54384000,174.2079926
9/10/2021,175.091507,175.4225006,173.1454926,173.4575043,47946000,173.4575043
9/13/2021,174.1399994,174.897995,171.8999939,172.8585052,51380000,172.8585052
9/14/2021,173.7774963,174.3404999,171.885498,172.5,38738000,172.5
9/15/2021,172.1260071,174.2709961,170.1004944,173.789505,59150000,173.789505
9/16/2021,172.9980011,174.6275024,172.3070068,174.4120026,51672000,174.4120026
9/17/2021,174.4205017,174.8704987,172.6065063,173.1260071,92332000,173.1260071
9/20/2021,169.8000031,170.9499969,165.2505035,167.786499,93382000,167.786499
9/21/2021,168.75,168.9850006,166.6195068,167.1815033,55618000,167.1815033
9/22/2021,167.5500031,169.4499969,167.0525055,169.0025024,48228000,169.0025024
9/23/2021,169.0025024,171.447998,169.0025024,170.8000031,47588000,170.8000031
9/24/2021,170.1004944,171.4629974,169.6699982,171.276001,42324000,171.276001
9/27/2021,168.5749969,170.7785034,166.9804993,170.2899933,72690000,170.2899933
9/28/2021,167.885498,168.4595032,164.5050049,165.7980042,88616000,165.7980042
9/29/2021,166.1054993,167.5650024,164.8934937,165.0559998,51246000,165.0559998
9/30/2021,165.8000031,166.3925018,163.6994934,164.2519989,56848000,164.2519989
10/1/2021,164.4505005,165.4584961,162.7969971,164.1629944,56712000,164.1629944
10/4/2021,163.9694977,163.9994965,158.8125,159.4889984,90462000,159.4889984
10/5/2021,160.2250061,163.036499,160.1230011,161.0500031,65384000,161.0500031
10/6/2021,160.6764984,163.2169952,159.9309998,163.1004944,50660000,163.1004944
10/7/2021,164.5769958,166.2875061,164.1529999,165.1215057,48182000,165.1215057
10/8/2021,165.8500061,166.0715027,164.4100037,164.4309998,39964000,164.4309998
10/11/2021,163.75,164.6295013,161.9049988,162.3150024,40684000,162.3150024
10/12/2021,162.8500061,163.3764954,161.8139954,162.3665009,36392000,162.3665009
10/13/2021,163.4855042,164.4190063,163.0545044,164.2140045,48402000,164.2140045
10/14/2021,165.1224976,165.6300049,164.5390015,164.9929962,42190000,164.9929962
10/15/2021,165.5709991,170.5209961,165.1999969,170.451004,103598000,170.451004
10/18/2021,169.4179993,172.4584961,169.2550049,172.3370056,63482000,172.3370056
10/19/2021,171.7144928,172.7344971,171.1000061,172.2075043,47722000,172.2075043
10/20/2021,172.6329956,173.1430054,170.0184937,170.753006,42796000,170.753006
10/21/2021,170.7124939,172.0140076,170.1499939,171.7505035,37628000,171.7505035
10/22/2021,171.0500031,171.4920044,166.5650024,166.7774963,62782000,166.7774963
10/25/2021,166.75,167.3899994,164.8849945,166.0184937,44520000,166.0184937
10/26/2021,167.4754944,170.8059998,167.1990051,168.8034973,53966000,168.8034973
10/27/2021,169.3999939,171.8500061,168.5724945,169.6244965,54044000,169.6244965
10/28/2021,170.1049957,173.9499969,169.3000031,172.3285065,114174000,172.3285065
10/29/2021,165.0010071,168.7409973,163.6660004,168.6215057,129722000,168.6215057
11/1/2021,168.0899963,168.7929993,164.6009979,165.9055023,72178000,165.9055023
11/2/2021,165.7505035,166.5559998,164.1775055,165.6374969,52552000,165.6374969
11/3/2021,165.4499969,169.7460022,164.8760071,169.1999969,67944000,169.1999969
11/4/2021,168.5,174.9315033,168.25,173.8500061,107060000,173.8500061
11/5/2021,173.8500061,178.3125,173.848999,175.9494934,99940000,175.9494934
11/8/2021,176.1620026,178.9499969,174.3930054,174.4490051,61480000,174.4490051
11/9/2021,175.7624969,179.6885071,175.0715027,178.8114929,85898000,178.8114929
11/10/2021,178.1934967,180.2725067,173.1544952,174.1024933,80548000,174.1024933
11/11/2021,175.6499939,177.1620026,173.3735046,173.625,45288000,173.625
11/12/2021,174.25,177.036499,172.3524933,176.2575073,53788000,176.2575073
11/15/2021,176.8500061,179.6940002,176.2904968,177.2839966,58594000,177.2839966
11/16/2021,176.9499969,178.8249969,176.2575073,177.0350037,44342000,177.0350037
11/17/2021,178.2359924,179.3625031,177.2675018,177.4499969,51206000,177.4499969
11/18/2021,178.3175049,185.2100067,178.0500031,184.8029938,114070000,184.8029938
11/19/2021,185.6345062,188.1074982,183.7859955,183.8285065,98734000,183.8285065
11/22/2021,183.8190002,185.6730042,178.375,178.6284943,96844000,178.6284943
11/23/2021,179.2519989,181.0525055,176.385498,179.0019989,73804000,179.0019989
11/24/2021,178.1334991,180.6820068,176.8424988,179.0204926,46560000,179.0204926
11/26/2021,180.1049957,181.6750031,175.2075043,175.2279968,59826000,175.2279968
11/29/2021,177.3820038,179.8000031,176.5749969,178.0785065,65312000,178.0785065
11/30/2021,178.1750031,179.2884979,174.6004944,175.3535004,80022000,175.3535004
12/1/2021,177.25,177.9940033,172.0800018,172.1860046,74916000,172.1860046
12/2/2021,173,174.6349945,171.1875,171.8679962,64726000,171.8679962
12/3/2021,172.75,173.4934998,166.9299927,169.489502,80712000,169.489502
12/6/2021,169.6499939,173.6954956,166.934494,171.3684998,68860000,171.3684998
12/7/2021,174.6000061,177.4994965,173.3345032,176.164505,66410000,176.164505
12/8/2021,176.1504974,177.1799927,174.7505035,176.1580048,45254000,176.1580048
12/9/2021,175.75,176.9694977,174.1394958,174.1710052,46062000,174.1710052
12/10/2021,175.4170074,175.927002,170.5,172.2120056,60690000,172.2120056
12/13/2021,172,172.1000061,169.1300049,169.5675049,62170000,169.5675049
12/14/2021,167.5500031,169.4989929,166.4400024,169.091507,55976000,169.091507
12/15/2021,168.5980072,173.6000061,165.1950073,173.3150024,75794000,173.3150024
12/16/2021,173.3684998,174.1660004,168.1605072,168.8710022,60876000,168.8710022
12/17/2021,167.710495,170.8984985,165.6134949,170.0175018,85542000,170.0175018
12/20/2021,166.8500061,167.8744965,165.6000061,167.0789948,57372000,167.0789948
12/21/2021,167.8504944,170.716507,165.6475067,170.4170074,55956000,170.4170074
12/22/2021,169.2700043,172.0500031,168.5005035,171.0370026,55036000,171.0370026
12/23/2021,170.4279938,171.9750061,170.1499939,171.0684967,36788000,171.0684967
12/27/2021,171.0370026,172.9429932,169.2154999,169.6694946,58688000,169.6694946
12/28/2021,170.1824951,172.1759949,169.135498,170.6609955,54638000,170.6609955
12/29/2021,170.8399963,171.2120056,168.6004944,169.201004,35754000,169.201004
12/30/2021,169.6999969,170.8880005,168.5240021,168.6445007,37584000,168.6445007
12/31/2021,168.9559937,169.3500061,166.5585022,166.7169952,47830000,166.7169952
1/3/2022,167.5500031,170.7035065,166.1605072,170.4044952,63520000,170.4044952
1/4/2022,170.4380035,171.3999939,166.3495026,167.5220032,70726000,167.5220032
1/5/2022,166.8829956,167.1264954,164.3569946,164.3569946,64302000,164.3569946
1/6/2022,163.4505005,164.8000031,161.9369965,163.2539978,51958000,163.2539978
1/7/2022,163.8390045,165.2434998,162.0310059,162.5540009,46606000,162.5540009
1/10/2022,160.585495,161.661499,156.3045044,161.4859924,87798000,161.4859924
1/11/2022,161.5,166.3500061,160.7015076,165.3619995,62806000,165.3619995
1/12/2022,166.5749969,166.878006,164.4170074,165.2070007,50030000,165.2070007
1/13/2022,165.2505035,166.2214966,161.0910034,161.2140045,52188000,161.2140045
1/14/2022,160.1499939,162.25,159.8005066,162.1380005,45974000,162.1380005
1/18/2022,159.1049957,159.7344971,157.664505,158.9174957,67292000,158.9174957
1/19/2022,158.7619934,159.25,156.25,156.298996,53242000,156.298996
1/20/2022,156.7660065,158,151.3509979,151.6674957,71974000,151.6674957
1/21/2022,149.9499969,150.8999939,142.0704956,142.6430054,163972000,142.6430054
1/24/2022,139,144.9450073,135.352005,144.5440063,155624000,144.5440063
1/25/2022,142.2424927,143.6000061,138.1450043,139.9859924,90824000,139.9859924
1/26/2022,144.75,145.1849976,137.3184967,138.8724976,95602000,138.8724976
1/27/2022,140.8000031,144.2434998,139.3500061,139.6374969,77516000,139.6374969
1/28/2022,140.8605042,143.9980011,137.9295044,143.9779968,74392000,143.9779968
1/31/2022,144.75,150.3605042,144.3005066,149.5735016,78308000,149.5735016
2/1/2022,150,151.7079926,147.6275024,151.1934967,59220000,151.1934967
2/2/2022,155.0505066,155.0749969,148.8634949,150.6125031,87330000,150.6125031
2/3/2022,141.7375031,144.2474976,138.3329926,138.8455048,225532000,138.8455048
2/4/2022,155.6065063,161.1999969,150.6080017,157.6394958,253456000,157.6394958
2/7/2022,158.5200043,162.6909943,157.25,157.9355011,102624000,157.9355011
2/8/2022,156.7505035,161.7924957,155.5505066,161.4134979,76040000,161.4134979
2/9/2022,162.8735046,163.8345032,160.25,161.1894989,68786000,161.1894989
2/10/2022,158.3500061,160.716507,157.75,159.0034943,68268000,159.0034943
2/11/2022,158.1345062,159,152.7339935,153.2935028,77100000,153.2935028
2/14/2022,151.7510071,158.4485016,151.6499939,155.1670074,83230000,155.1670074
2/15/2022,157.6054993,158.0070038,154.6374969,156.510498,56440000,156.510498
2/16/2022,155.7904968,158.8339996,154.7344971,158.1004944,52704000,158.1004944
2/17/2022,158.1459961,160.348999,154.5,154.6524963,64032000,154.6524963
2/18/2022,155.4994965,155.4994965,150.8930054,152.6015015,63604000,152.6015015
2/22/2022,150.4785004,152.9824982,148.4855042,150.1974945,66128000,150.1974945
2/23/2022,151.6504974,151.7630005,144.651001,144.8269958,64244000,144.8269958
2/24/2022,139.8374939,151.7489929,139.5,151.3580017,100786000,151.3580017
2/25/2022,150.5500031,153.9900055,149.213501,153.7884979,62396000,153.7884979
2/28/2022,152.4250031,154.4499969,150.8500061,153.5630035,57684000,153.5630035
3/1/2022,152.7324982,154.098999,149.977005,151.1419983,44874000,151.1419983
3/2/2022,150.848999,152.9994965,148.75,152.0525055,47334000,152.0525055
3/3/2022,153.5314941,153.9290009,146.8560028,147.8984985,65198000,147.8984985
3/4/2022,147.1589966,147.8500061,143.8070068,145.6410065,60934000,145.6410065
3/7/2022,145.4434967,146.0944977,137.4165039,137.4530029,86934000,137.4530029
3/8/2022,136.6835022,140.6994934,133.5724945,136.0144958,91662000,136.0144958
3/9/2022,139.5,140.25,136.8280029,139.279007,82656000,139.279007
3/10/2022,145.6849976,148.6744995,143.9779968,146.8175049,135062000,146.8175049
3/11/2022,149.5744934,149.6750031,145.3690033,145.5245056,68900000,145.5245056
3/14/2022,145.9810028,147.4499969,140.8840027,141.8529968,74086000,141.8529968
3/15/2022,142.8500061,147.9850006,142,147.3665009,75584000,147.3665009
3/16/2022,148.5,153.1499939,147.3535004,153.1040039,84958000,153.1040039
3/17/2022,152.6405029,157.4985046,152.1399994,157.2389984,72934000,157.2389984
3/18/2022,156.8130035,161.5939941,156.0110016,161.2505035,102962000,161.2505035
3/21/2022,161.1210022,163.0839996,159.5529938,161.4915009,66538000,161.4915009
3/22/2022,161.8054962,166.1670074,161.6990051,164.8890076,64086000,164.8890076
3/23/2022,163.7050018,166.3699951,162.6869965,163.4080048,55812000,163.4080048
3/24/2022,163.7494965,164.1184998,160.0500031,163.6495056,56798000,163.6495056
3/25/2022,164,165.3684998,162.25,164.7734985,49032000,164.7734985
3/28/2022,164.9750061,169.0375061,164.8999939,168.9904938,59854000,168.9904938
3/29/2022,170.3840027,170.8314972,167.8684998,169.3150024,66154000,169.3150024
3/30/2022,168.5095062,168.9505005,165.5,166.3009949,56168000,166.3009949
3/31/2022,166.4450073,166.4949951,162.9535065,162.9974976,59966000,162.9974976
4/1/2022,164.1495056,165.8269958,162.3195038,163.5599976,57090000,163.5599976
4/4/2022,164.125,168.3945007,163.2055054,168.3464966,49882000,168.3464966
4/5/2022,167.7415009,168.1105042,163.2660065,164.0549927,53728000,164.0549927
4/6/2022,161.6504974,162.1999969,157.2545013,158.7559967,79056000,158.7559967
4/7/2022,158.3999939,160.0789948,154.5115051,157.7845001,68136000,157.7845001
4/8/2022,156.75,157.3684998,154.2310028,154.460495,46002000,154.460495
4/11/2022,152.7129974,154.1365051,150.5345001,151.121994,52112000,151.121994
4/12/2022,153.6925049,155.098999,150.3829956,150.7875061,55178000,150.7875061
4/13/2022,150.0184937,156.0249939,149.6000061,155.5410004,53390000,155.5410004
4/14/2022,155.3899994,155.8970032,151.4720001,151.7064972,51598000,151.7064972
4/18/2022,151.5234985,154.039505,150.2505035,152.7850037,46514000,152.7850037
4/19/2022,152.0294952,158.6490021,151.5505066,158.1154938,54926000,158.1154938
4/20/2022,157.6024933,157.6024933,153.6035004,153.9980011,59630000,153.9980011
4/21/2022,154.7140045,156.7380066,147.5894928,148.2960052,63970000,148.2960052
4/22/2022,148.25,149.6150055,143.6974945,144.3500061,73078000,144.3500061
4/25/2022,144.022995,146.2214966,142.3065033,146.0740051,61874000,146.0740051
4/26/2022,144.8000031,144.8560028,138.9295044,139.3910065,77530000,139.3910065
4/27/2022,140.1914978,141.9485016,135.783493,138.1670074,71336000,138.1670074
4/28/2022,142.1779938,145.9375,140.3000031,144.5964966,117316000,144.5964966
4/29/2022,129.848999,130.7610016,121.625,124.2815018,272662000,124.2815018
5/2/2022,122.401001,124.6679993,118.375,124.5,148788000,124.5
5/3/2022,124.0534973,126.2204971,122.8249969,124.2535019,79134000,124.2535019
5/4/2022,123.5999985,126,119.1829987,125.9284973,110746000,125.9284973
5/5/2022,123,123.4990005,115.0725021,116.4069977,144392000,116.4069977
5/6/2022,114.8499985,119.050499,113.0814972,114.7724991,124260000,114.7724991
5/9/2022,111.3125,114,107.9570007,108.7890015,128124000,108.7890015
5/10/2022,111.25,112.6425018,107.1709976,108.8590012,105434000,108.8590012
5/11/2022,108.1035004,110.1559982,104.4284973,105.3720016,109704000,105.3720016
5/12/2022,102.75,110.7805023,102.4055023,106.9304962,132026000,106.9304962
5/13/2022,109.0690002,113.1839981,107.8000031,113.0550003,93684000,113.0550003
5/16/2022,113.0999985,113.9925003,110.3539963,110.8105011,74566000,110.8105011
5/17/2022,113.2750015,115.8000031,111.2764969,115.3684998,76448000,115.3684998
5/18/2022,111.4394989,112.8529968,106.2490005,107.1125031,108380000,107.1125031
5/19/2022,106.2805023,110.0339966,106.1930008,107.3190002,88142000,107.3190002
5/20/2022,109.5684967,109.8980026,105.0094986,107.5910034,99500000,107.5910034
5/23/2022,108.4609985,108.8190002,103.9499969,107.5569992,107798000,107.5569992
5/24/2022,104.0250015,105.4000015,101.2600021,104.0999985,102934000,104.0999985
5/25/2022,103.6555023,108.1750031,103.6500015,106.7750015,93120000,106.7750015
5/26/2022,107.9700012,112.6654968,107.4534988,111.0774994,93002000,111.0774994
5/27/2022,113.5500031,115.1869965,112.6279984,115.1464996,93660000,115.1464996
5/31/2022,116.2799988,121.9944992,115.6750031,120.2095032,144634000,120.2095032
6/1/2022,122.2559967,125.1790009,120.6224976,121.6839981,127528000,121.6839981
6/2/2022,121.6839981,125.6100006,120.0449982,125.5110016,100560000,125.5110016
6/3/2022,124.1999969,124.4000015,121.0465012,122.3499985,97604000,122.3499985
6/6/2022,125.25,128.9900055,123.8099976,124.7900009,135269000,124.7900009
6/7/2022,122.0100021,124.0999985,120.6299973,123,85156700,123
6/8/2022,122.6100006,123.75,120.75,121.1800003,64926600,121.1800003
6/9/2022,119.9899979,121.3000031,116.0999985,116.1500015,67029800,116.1500015
6/10/2022,113.4199982,114.5,109.0500031,109.6500015,87266000,109.6500015
6/13/2022,104.1900024,106.5400009,101.8600006,103.6699982,99277700,103.6699982
6/14/2022,104.1900024,104.8799973,101.4300003,102.3099976,69728800,102.3099976
6/15/2022,103.8600006,109.0599976,103.5299988,107.6699982,85011100,107.6699982
6/16/2022,104.4700012,104.5800018,102.0100021,103.6600037,82186300,103.6600037
6/17/2022,102.8000031,106.9800034,102.5100021,106.2200012,99772100,106.2200012
6/21/2022,108.1999969,111.6299973,103.5599976,108.6800003,70901200,108.6800003
6/22/2022,107.4300003,112.1299973,107.0199966,108.9499969,60040100,108.9499969
6/23/2022,110.3899994,113,107.9300003,112.4400024,64345300,112.4400024
6/24/2022,112.3799973,116.7099991,111.4300003,116.4599991,69867600,116.4599991
6/27/2022,117.0899963,117.9800034,112.6999969,113.2200012,62133200,113.2200012
6/28/2022,113.5,114.8499985,107.0400009,107.4000015,74942900,107.4000015
6/29/2022,107.3799973,110.9899979,106.9100037,108.9199982,66375300,108.9199982
6/30/2022,108.1100006,108.1800003,102.5199966,106.2099991,97679400,106.2099991
7/1/2022,106.2900009,109.75,105.8499985,109.5599976,73021200,109.5599976
7/5/2022,107.5999985,114.0800018,106.3199997,113.5,76583700,113.5
7/6/2022,113.2099991,115.4800034,112.0100021,114.3300018,66958900,114.3300018
7/7/2022,113.8499985,116.9899979,113.4899979,116.3300018,57872300,116.3300018
7/8/2022,114.5999985,116.5800018,113.6900024,115.5400009,45719700,115.5400009
7/11/2022,114.0800018,114.3000031,110.8700027,111.75,53487600,111.75
7/12/2022,112.1600037,113.2300034,108.3399963,109.2200012,54280300,109.2200012
7/13/2022,107.0299988,111.7799988,106.0100021,110.4000015,61353800,110.4000015
7/14/2022,110.2399979,111.1800003,107.5800018,110.6299973,51163100,110.6299973
7/15/2022,112.5,115.5899963,111.5899963,113.5500031,84317800,113.5500031
7/18/2022,115,117.2399979,113.1500015,113.7600021,59115400,113.7600021
7/19/2022,115.6999969,118.9499969,114.0299988,118.2099991,60990000,118.2099991
7/20/2022,118.6200027,123.4800034,118.3199997,122.7699966,71268300,122.7699966
7/21/2022,123.1999969,124.8499985,121.2600021,124.6299973,60239900,124.6299973
7/22/2022,125.0100021,125.5,121.3499985,122.4199982,51463800,122.4199982
7/25/2022,122.6999969,123.6399994,120.0299988,121.1399994,50221300,121.1399994
7/26/2022,115.7900009,118.1500015,114.5299988,114.8099976,67075100,114.8099976
7/27/2022,117.3099976,121.9000015,117.1600037,120.9700012,61582000,120.9700012
7/28/2022,121.5699997,122.8399963,118.0800018,122.2799988,82245500,122.2799988
7/29/2022,134.8999939,137.6499939,132.4100037,134.9499969,148892900,134.9499969
8/1/2022,134.9600067,138.8300018,133.5099945,135.3899994,76846900,135.3899994
8/2/2022,134.7200012,137.4400024,134.0899963,134.1600037,61922400,134.1600037
8/3/2022,136.2100067,140.4900055,136.0500031,139.5200043,71827800,139.5200043
8/4/2022,140.5800018,143.5599976,139.5500031,142.5700073,70585000,142.5700073
8/5/2022,140.1000061,142.8600006,139.6000061,140.8000031,50686900,140.8000031
8/8/2022,142.0500031,144.2299957,138.2899933,139.4100037,52229000,139.4100037
8/9/2022,138.0500031,138.9499969,136.2100067,137.8300018,40434700,137.8300018
8/10/2022,142.8999939,144.6000061,141.0099945,142.6900024,54773800,142.6900024
8/11/2022,143.8600006,144.4900055,139.7599945,140.6399994,44867300,140.6399994
8/12/2022,142.0500031,143.5700073,140.1199951,143.5500031,47643500,143.5500031
8/15/2022,142.8000031,143.7599945,141.4900055,143.1799927,39014600,143.1799927
8/16/2022,143.9100037,146.5700073,142,144.7799988,59102900,144.7799988
8/17/2022,142.6900024,143.3800049,140.7799988,142.1000061,48149800,142.1000061
8/18/2022,141.3200073,142.7700043,140.3800049,142.3000031,37458700,142.3000031
8/19/2022,140.4700012,141.1100006,137.9100037,138.2299957,47792800,138.2299957
8/22/2022,135.7200012,136.3200073,132.8500061,133.2200012,50461500,133.2200012
8/23/2022,133.4100037,134.9900055,132.9499969,133.6199951,36252100,133.6199951
8/24/2022,132.75,135.4700012,132.1000061,133.8000031,38627000,133.8000031
8/25/2022,135.2599945,137.4199982,134.2799988,137.2799988,37496300,137.2799988
8/26/2022,136.5500031,137.8300018,130.5,130.75,53322700,130.75
8/29/2022,129.8999939,131.9499969,128.7700043,129.7899933,48101600,129.7899933
8/30/2022,131.25,132.0700073,126.8499985,128.7299957,49203000,128.7299957
8/31/2022,129.4499969,130.5899963,126.7399979,126.7699966,53648700,126.7699966
9/1/2022,126,128.0200043,123.6600037,127.8199997,56636100,127.8199997
9/2/2022,129.5,131.3800049,126.3899994,127.5100021,57429800,127.5100021
9/6/2022,127.9199982,128.6199951,124.7399979,126.1100006,43888600,126.1100006
9/7/2022,126.1200027,129.8200073,125.4000015,129.4799957,47900300,129.4799957
9/8/2022,127.7200012,130.2799988,127.0999985,129.8200073,43988500,129.8200073
9/9/2022,130.9100037,133.6900024,130.7599945,133.2700043,49387600,133.2700043
9/12/2022,134.1000061,136.4900055,134,136.4499969,53826900,136.4499969
9/13/2022,131.0099945,131.3999939,126.2699966,126.8199997,72694000,126.8199997
9/14/2022,127.3600006,128.8399963,126.3300018,128.5500031,45316800,128.5500031
9/15/2022,127.3799973,130.3699951,125.5,126.2799988,52887200,126.2799988
9/16/2022,122.7799988,123.8700027,120.6999969,123.5299988,115667800,123.5299988
9/19/2022,122.1600037,124.7099991,121.8000031,124.6600037,47279700,124.6600037
9/20/2022,123.3499985,124.4000015,121.1399994,122.1900024,47698400,122.1900024
9/21/2022,122.4899979,123.7600021,118.4499969,118.5400009,58498900,118.5400009
9/22/2022,117.0800018,118.7900009,116.2600021,117.3099976,55229200,117.3099976
9/23/2022,116,116.0500031,112.0599976,113.7799988,65126700,113.7799988
9/26/2022,113.3000031,117.3399963,113.1299973,115.1500015,62723300,115.1500015
9/27/2022,117.1999969,118.3199997,113.0500031,114.4100037,60094700,114.4100037
9/28/2022,114.3799973,118.6999969,113.8000031,118.0100021,55763800,118.0100021
9/29/2022,115.5999985,116.0699997,113.0599976,114.8000031,58969700,114.8000031
9/30/2022,114.0800018,116.9199982,112.8399963,113,59479600,113
10/3/2022,113.5800018,116.9100037,112.4499969,115.8799973,50941900,115.8799973
10/4/2022,119.8899994,123,119.7900009,121.0899963,62812600,121.0899963
10/5/2022,118.5800018,121.75,117.6900024,120.9499969,48217500,120.9499969
10/6/2022,120.7699966,121.5299988,119.5,120.3000031,42253800,120.3000031
10/7/2022,118,118.1699982,113.8799973,114.5599976,54678000,114.5599976
10/10/2022,115.0999985,116.25,112.4300003,113.6699982,42339700,113.6699982
10/11/2022,112.7099991,115.4800034,110.3899994,112.2099991,56432200,112.2099991
10/12/2022,112.4899979,113.8300018,111.4000015,112.9000015,45728700,112.9000015
10/13/2022,107.8799973,113.4400024,105.3499985,112.5299988,86868100,112.5299988
10/14/2022,114.0999985,114.9599991,106.5999985,106.9000015,67737300,106.9000015
10/17/2022,110.1100006,114.1900024,110.0899963,113.7900009,62782000,113.7900009
10/18/2022,119.0599976,119.5199966,114.7900009,116.3600006,65607400,116.3600006
10/19/2022,114.7099991,116.5899963,113.2200012,115.0699997,47198100,115.0699997
10/20/2022,113.8300018,118.2399979,113.5100021,115.25,48795100,115.25
10/21/2022,114.7900009,119.5899963,114.5,119.3199997,55660500,119.3199997
10/24/2022,119.9800034,120.3899994,116.5699997,119.8199997,49531500,119.8199997
10/25/2022,119.6500015,121.3199997,118.9499969,120.5999985,50934600,120.5999985
10/26/2022,116,119.3499985,114.7600021,115.6600037,68802300,115.6600037
10/27/2022,113.9199982,114.1200027,109.7699966,110.9599991,129605400,110.9599991
10/28/2022,97.91000366,103.9599991,97.66000366,103.4100037,223133400,103.4100037
10/31/2022,103.5599976,104.8700027,100.7399979,102.4400024,99251400,102.4400024
11/1/2022,103.9899979,104.5800018,96.05999756,96.79000092,153370000,96.79000092
11/2/2022,97.31999969,97.73999786,92.01000214,92.12000275,135761800,92.12000275
11/3/2022,92.47000122,93.5,89.01999664,89.30000305,136683300,89.30000305
11/4/2022,91.48999786,92.44000244,88.04000092,90.98000336,129101300,90.98000336
11/7/2022,91.94999695,92.09999847,89.04000092,90.52999878,77495700,90.52999878
11/8/2022,90.79000092,91.72000122,88.23000336,89.98000336,88703400,89.98000336
11/9/2022,89.47000122,89.48000336,85.87000275,86.13999939,90796200,86.13999939
11/10/2022,92.94000244,98.69000244,91.65000153,96.62999725,173414900,96.62999725
11/11/2022,97.87999725,101.1900024,96.66000366,100.7900009,111590500,100.7900009
11/14/2022,98.76999664,100.1200027,97.29000092,98.48999786,99533100,98.48999786
11/15/2022,103.2099991,103.7900009,97.33999634,98.94000244,111336300,98.94000244
11/16/2022,96.84999847,98.48999786,95.54000092,97.12000275,87958800,97.12000275
11/17/2022,95.37000275,96.97000122,94.02999878,94.84999847,82617900,94.84999847
11/18/2022,95.94999695,95.98999786,92.48000336,94.13999939,72428200,94.13999939
11/21/2022,93.97000122,95.01999664,90.58999634,92.45999908,84330300,92.45999908
11/22/2022,92.62000275,93.34999847,90.87000275,93.19999695,62192000,93.19999695
11/23/2022,93.23999786,94.58000183,92.83000183,94.12999725,59414700,94.12999725
11/25/2022,93.79000092,94.43000031,93.06999969,93.41000366,35088600,93.41000366
11/28/2022,93.93000031,96.40000153,93.43000031,93.94999695,74943100,93.94999695
11/29/2022,94.04000092,94.41000366,91.44000244,92.41999817,65567300,92.41999817
11/30/2022,92.47000122,96.54000092,91.52999878,96.54000092,102628200,96.54000092
12/1/2022,96.98999786,97.23000336,94.91999817,95.5,68488000,95.5
12/2/2022,94.48000336,95.36000061,93.77999878,94.12999725,72427000,94.12999725
12/5/2022,93.05000305,94.05999756,90.81999969,91.01000214,71535500,91.01000214
12/6/2022,90.5,91.04000092,87.90000153,88.25,75503600,88.25
12/7/2022,88.33999634,89.88999939,87.48000336,88.45999908,68086900,88.45999908
12/8/2022,89.23999786,90.86000061,87.87999725,90.34999847,73305900,90.34999847
12/9/2022,88.90000153,90.30000305,88.62999725,89.08999634,67316900,89.08999634
12/12/2022,89.20999908,90.58000183,87.87000275,90.55000305,61999800,90.55000305
12/13/2022,95.23000336,96.25,90.51999664,92.48999786,100212000,92.48999786
12/14/2022,92.5,93.45999908,89.87000275,91.58000183,70298000,91.58000183
12/15/2022,89.88999939,89.97000122,87.47000122,88.44999695,84802900,88.44999695
12/16/2022,88.26999664,89.34999847,86.73000336,87.86000061,146044000,87.86000061
